species,species_common_name,gene_symbol,cell_type,marker_direction,tissue,condition,assay,confidence,bbsr_verified,notes,source_title,citation,doi,pmid,url,evidence_type,evidence_location,evidence_note
Homo sapiens,human,CD19,B cell,positive,,,CITE-seq,high,false,Canonical B-lineage marker,Integrated analysis of multimodal single-cell data,Hao et al. Cell. 2021;184:3573-3587.e29,10.1016/j.cell.2021.04.048,34062119,https://pubmed.ncbi.nlm.nih.gov/34062119/,reported_marker,Figures 3-5 and Tables S1-S2,Supported by RNA and protein biomarker analysis in human PBMC
Homo sapiens,human,MS4A1,B cell,positive,,,CITE-seq,high,false,CD20-encoding B-lineage marker,Integrated analysis of multimodal single-cell data,Hao et al. Cell. 2021;184:3573-3587.e29,10.1016/j.cell.2021.04.048,34062119,https://pubmed.ncbi.nlm.nih.gov/34062119/,reported_marker,Figures 3-5 and Tables S1-S2,Supported by RNA and protein biomarker analysis in human PBMC
Homo sapiens,human,CD79A,B cell,positive,,,CITE-seq,high,false,B-cell receptor complex marker,Integrated analysis of multimodal single-cell data,Hao et al. Cell. 2021;184:3573-3587.e29,10.1016/j.cell.2021.04.048,34062119,https://pubmed.ncbi.nlm.nih.gov/34062119/,reported_marker,Figures 3-5 and Tables S1-S2,Supported by RNA and protein biomarker analysis in human PBMC
Homo sapiens,human,CD79B,B cell,positive,,,CITE-seq,high,false,B-cell receptor complex marker,Integrated analysis of multimodal single-cell data,Hao et al. Cell. 2021;184:3573-3587.e29,10.1016/j.cell.2021.04.048,34062119,https://pubmed.ncbi.nlm.nih.gov/34062119/,reported_marker,Figures 3-5 and Tables S1-S2,Supported by RNA and protein biomarker analysis in human PBMC
Homo sapiens,human,CD22,B cell,positive,,,CITE-seq,high,false,B-cell surface receptor marker,Integrated analysis of multimodal single-cell data,Hao et al. Cell. 2021;184:3573-3587.e29,10.1016/j.cell.2021.04.048,34062119,https://pubmed.ncbi.nlm.nih.gov/34062119/,reported_marker,Figures 3-5 and Tables S1-S2,Supported by RNA and protein biomarker analysis in human PBMC
Homo sapiens,human,CD74,B cell,positive,,,scRNA-seq,moderate,false,MHC class II-associated B-cell marker,Integrated analysis of multimodal single-cell data,Hao et al. Cell. 2021;184:3573-3587.e29,10.1016/j.cell.2021.04.048,34062119,https://pubmed.ncbi.nlm.nih.gov/34062119/,reported_marker,Figures 3-5 and Tables S1-S2,Supported by RNA biomarker analysis in human PBMC
Homo sapiens,human,TCL1A,transitional B cell,positive,blood,,scRNA-seq,high,false,Immature and transitional B-cell program,An Integrated Multi-omic Single-Cell Atlas of Human B Cell Identity,Glass et al. Immunity. 2020;53:217-232.e5,10.1016/j.immuni.2020.06.013,32668225,https://pubmed.ncbi.nlm.nih.gov/32668225/,reported_marker,Figures 1-6 and supplemental tables,Subset supported by multi-omic marker patterns in healthy human B cells
Homo sapiens,human,CD24,transitional B cell,positive,blood,,CITE-seq,high,false,Transitional B-cell surface marker,An Integrated Multi-omic Single-Cell Atlas of Human B Cell Identity,Glass et al. Immunity. 2020;53:217-232.e5,10.1016/j.immuni.2020.06.013,32668225,https://pubmed.ncbi.nlm.nih.gov/32668225/,reported_marker,Figures 1-6 and supplemental tables,Subset supported by multi-omic marker patterns in healthy human B cells
Homo sapiens,human,CD38,transitional B cell,positive,blood,,CITE-seq,moderate,false,High surface expression supports transitional identity,An Integrated Multi-omic Single-Cell Atlas of Human B Cell Identity,Glass et al. Immunity. 2020;53:217-232.e5,10.1016/j.immuni.2020.06.013,32668225,https://pubmed.ncbi.nlm.nih.gov/32668225/,reported_marker,Figures 1-6 and supplemental tables,Interpret with CD24 and other B-cell markers
Homo sapiens,human,IGHD,transitional B cell,positive,blood,,scRNA-seq,moderate,false,Unswitch immunoglobulin program,An Integrated Multi-omic Single-Cell Atlas of Human B Cell Identity,Glass et al. Immunity. 2020;53:217-232.e5,10.1016/j.immuni.2020.06.013,32668225,https://pubmed.ncbi.nlm.nih.gov/32668225/,reported_marker,Figures 1-6 and supplemental tables,Interpret with maturation markers
Homo sapiens,human,TCL1A,naive B cell,positive,blood,,scRNA-seq,high,false,Naive B-cell transcriptional marker,Integrated analysis of multimodal single-cell data,Hao et al. Cell. 2021;184:3573-3587.e29,10.1016/j.cell.2021.04.048,34062119,https://pubmed.ncbi.nlm.nih.gov/34062119/,reported_marker,Figures 3-5 and Tables S1-S2,Supported by human PBMC biomarker analysis
Homo sapiens,human,IGHD,naive B cell,positive,blood,,scRNA-seq,high,false,Naive unswitched immunoglobulin marker,Integrated analysis of multimodal single-cell data,Hao et al. Cell. 2021;184:3573-3587.e29,10.1016/j.cell.2021.04.048,34062119,https://pubmed.ncbi.nlm.nih.gov/34062119/,reported_marker,Figures 3-5 and Tables S1-S2,Supported by human PBMC biomarker analysis
Homo sapiens,human,FCER2,naive B cell,positive,blood,,CITE-seq,high,false,CD23-encoding naive B-cell marker,An Integrated Multi-omic Single-Cell Atlas of Human B Cell Identity,Glass et al. Immunity. 2020;53:217-232.e5,10.1016/j.immuni.2020.06.013,32668225,https://pubmed.ncbi.nlm.nih.gov/32668225/,reported_marker,Figures 1-6 and supplemental tables,Subset supported by multi-omic marker patterns in healthy human B cells
Homo sapiens,human,IL4R,naive B cell,positive,blood,,scRNA-seq,moderate,false,Naive B-cell-associated receptor,Integrated analysis of multimodal single-cell data,Hao et al. Cell. 2021;184:3573-3587.e29,10.1016/j.cell.2021.04.048,34062119,https://pubmed.ncbi.nlm.nih.gov/34062119/,reported_marker,Figures 3-5 and Tables S1-S2,Supported by human PBMC biomarker analysis
Homo sapiens,human,BACH2,naive B cell,positive,blood,,scRNA-seq,moderate,false,Naive lymphocyte transcriptional regulator,Integrated analysis of multimodal single-cell data,Hao et al. Cell. 2021;184:3573-3587.e29,10.1016/j.cell.2021.04.048,34062119,https://pubmed.ncbi.nlm.nih.gov/34062119/,reported_marker,Figures 3-5 and Tables S1-S2,Use as part of a marker panel
Homo sapiens,human,CD27,memory B cell,positive,blood,,CITE-seq,high,false,Canonical but not universal memory B-cell marker,An Integrated Multi-omic Single-Cell Atlas of Human B Cell Identity,Glass et al. Immunity. 2020;53:217-232.e5,10.1016/j.immuni.2020.06.013,32668225,https://pubmed.ncbi.nlm.nih.gov/32668225/,reported_marker,Figures 1-6 and supplemental tables,CD27-negative memory populations also exist
Homo sapiens,human,CD82,memory B cell,positive,blood,,scRNA-seq,moderate,false,Memory B-cell-associated marker,Integrated analysis of multimodal single-cell data,Hao et al. Cell. 2021;184:3573-3587.e29,10.1016/j.cell.2021.04.048,34062119,https://pubmed.ncbi.nlm.nih.gov/34062119/,reported_marker,Figures 3-5 and Tables S1-S2,Supported by human PBMC biomarker analysis
Homo sapiens,human,AIM2,memory B cell,positive,blood,,scRNA-seq,moderate,false,Memory B-cell-associated transcriptional marker,Integrated analysis of multimodal single-cell data,Hao et al. Cell. 2021;184:3573-3587.e29,10.1016/j.cell.2021.04.048,34062119,https://pubmed.ncbi.nlm.nih.gov/34062119/,reported_marker,Figures 3-5 and Tables S1-S2,Supported by human PBMC biomarker analysis
Homo sapiens,human,GPR183,memory B cell,positive,blood,,scRNA-seq,moderate,false,Antigen-experienced B-cell-associated receptor,An Integrated Multi-omic Single-Cell Atlas of Human B Cell Identity,Glass et al. Immunity. 2020;53:217-232.e5,10.1016/j.immuni.2020.06.013,32668225,https://pubmed.ncbi.nlm.nih.gov/32668225/,reported_marker,Figures 1-6 and supplemental tables,Use with CD27 and isotype markers
Homo sapiens,human,TNFRSF13B,memory B cell,positive,blood,,scRNA-seq,moderate,false,TACI-encoding memory B-cell-associated marker,Integrated analysis of multimodal single-cell data,Hao et al. Cell. 2021;184:3573-3587.e29,10.1016/j.cell.2021.04.048,34062119,https://pubmed.ncbi.nlm.nih.gov/34062119/,reported_marker,Figures 3-5 and Tables S1-S2,Use as part of a marker panel
Homo sapiens,human,IGHM,unswitched memory B cell,positive,blood,,scRNA-seq,high,false,IgM memory program,An Integrated Multi-omic Single-Cell Atlas of Human B Cell Identity,Glass et al. Immunity. 2020;53:217-232.e5,10.1016/j.immuni.2020.06.013,32668225,https://pubmed.ncbi.nlm.nih.gov/32668225/,reported_marker,Figures 1-6 and supplemental tables,Interpret with IGHD and CD27
Homo sapiens,human,IGHD,unswitched memory B cell,positive,blood,,scRNA-seq,high,false,IgD-positive memory program,An Integrated Multi-omic Single-Cell Atlas of Human B Cell Identity,Glass et al. Immunity. 2020;53:217-232.e5,10.1016/j.immuni.2020.06.013,32668225,https://pubmed.ncbi.nlm.nih.gov/32668225/,reported_marker,Figures 1-6 and supplemental tables,Interpret with IGHM and CD27
Homo sapiens,human,CD27,unswitched memory B cell,positive,blood,,CITE-seq,moderate,false,Classical memory surface marker,An Integrated Multi-omic Single-Cell Atlas of Human B Cell Identity,Glass et al. Immunity. 2020;53:217-232.e5,10.1016/j.immuni.2020.06.013,32668225,https://pubmed.ncbi.nlm.nih.gov/32668225/,reported_marker,Figures 1-6 and supplemental tables,CD27-negative memory populations also exist
Homo sapiens,human,CR2,unswitched memory B cell,positive,blood,,CITE-seq,moderate,false,CD21-encoding complement receptor,An Integrated Multi-omic Single-Cell Atlas of Human B Cell Identity,Glass et al. Immunity. 2020;53:217-232.e5,10.1016/j.immuni.2020.06.013,32668225,https://pubmed.ncbi.nlm.nih.gov/32668225/,reported_marker,Figures 1-6 and supplemental tables,Use in a multi-marker panel
Homo sapiens,human,CD27,switched memory B cell,positive,blood,,CITE-seq,moderate,false,Classical memory surface marker,An Integrated Multi-omic Single-Cell Atlas of Human B Cell Identity,Glass et al. Immunity. 2020;53:217-232.e5,10.1016/j.immuni.2020.06.013,32668225,https://pubmed.ncbi.nlm.nih.gov/32668225/,reported_marker,Figures 1-6 and supplemental tables,Interpret with loss of IgD and class-switched isotypes
Homo sapiens,human,CD82,switched memory B cell,positive,blood,,scRNA-seq,moderate,false,Memory B-cell-associated marker,Integrated analysis of multimodal single-cell data,Hao et al. Cell. 2021;184:3573-3587.e29,10.1016/j.cell.2021.04.048,34062119,https://pubmed.ncbi.nlm.nih.gov/34062119/,reported_marker,Figures 3-5 and Tables S1-S2,Use with isotype and CD27 information
Homo sapiens,human,TNFRSF13B,switched memory B cell,positive,blood,,scRNA-seq,moderate,false,TACI-encoding antigen-experienced marker,Integrated analysis of multimodal single-cell data,Hao et al. Cell. 2021;184:3573-3587.e29,10.1016/j.cell.2021.04.048,34062119,https://pubmed.ncbi.nlm.nih.gov/34062119/,reported_marker,Figures 3-5 and Tables S1-S2,Use with isotype and CD27 information
Homo sapiens,human,CD44,switched memory B cell,positive,blood,,CITE-seq,moderate,false,Antigen-experienced B-cell marker,An Integrated Multi-omic Single-Cell Atlas of Human B Cell Identity,Glass et al. Immunity. 2020;53:217-232.e5,10.1016/j.immuni.2020.06.013,32668225,https://pubmed.ncbi.nlm.nih.gov/32668225/,reported_marker,Figures 1-6 and supplemental tables,Use in a multi-marker panel
Homo sapiens,human,MZB1,plasmablast,positive,blood,,scRNA-seq,high,false,Antibody-secreting cell marker,Integrated analysis of multimodal single-cell data,Hao et al. Cell. 2021;184:3573-3587.e29,10.1016/j.cell.2021.04.048,34062119,https://pubmed.ncbi.nlm.nih.gov/34062119/,reported_marker,Figures 3-5 and Tables S1-S2,Supported by human PBMC biomarker analysis
Homo sapiens,human,JCHAIN,plasmablast,positive,blood,,scRNA-seq,high,false,Immunoglobulin joining-chain marker,Integrated analysis of multimodal single-cell data,Hao et al. Cell. 2021;184:3573-3587.e29,10.1016/j.cell.2021.04.048,34062119,https://pubmed.ncbi.nlm.nih.gov/34062119/,reported_marker,Figures 3-5 and Tables S1-S2,Supported by human PBMC biomarker analysis
Homo sapiens,human,PRDM1,plasmablast,positive,blood,,scRNA-seq,high,false,Plasma-cell differentiation regulator,Integrated analysis of multimodal single-cell data,Hao et al. Cell. 2021;184:3573-3587.e29,10.1016/j.cell.2021.04.048,34062119,https://pubmed.ncbi.nlm.nih.gov/34062119/,reported_marker,Figures 3-5 and Tables S1-S2,Supported by human PBMC biomarker analysis
Homo sapiens,human,XBP1,plasmablast,positive,blood,,scRNA-seq,high,false,Antibody secretory program regulator,Integrated analysis of multimodal single-cell data,Hao et al. Cell. 2021;184:3573-3587.e29,10.1016/j.cell.2021.04.048,34062119,https://pubmed.ncbi.nlm.nih.gov/34062119/,reported_marker,Figures 3-5 and Tables S1-S2,Supported by human PBMC biomarker analysis
Homo sapiens,human,CD38,plasmablast,positive,blood,,CITE-seq,high,false,High surface expression in plasmablasts,An Integrated Multi-omic Single-Cell Atlas of Human B Cell Identity,Glass et al. Immunity. 2020;53:217-232.e5,10.1016/j.immuni.2020.06.013,32668225,https://pubmed.ncbi.nlm.nih.gov/32668225/,reported_marker,Figures 1-6 and supplemental tables,Interpret with CD27 and loss of MS4A1
Homo sapiens,human,TNFRSF17,plasmablast,positive,blood,,scRNA-seq,high,false,BCMA-encoding antibody-secreting cell marker,Integrated analysis of multimodal single-cell data,Hao et al. Cell. 2021;184:3573-3587.e29,10.1016/j.cell.2021.04.048,34062119,https://pubmed.ncbi.nlm.nih.gov/34062119/,reported_marker,Figures 3-5 and Tables S1-S2,Supported by human PBMC biomarker analysis
Homo sapiens,human,CD3D,T cell,positive,,,scRNA-seq,high,false,T-cell receptor complex marker,Integrated analysis of multimodal single-cell data,Hao et al. Cell. 2021;184:3573-3587.e29,10.1016/j.cell.2021.04.048,34062119,https://pubmed.ncbi.nlm.nih.gov/34062119/,reported_marker,Figures 3-5 and Tables S1-S2,Canonical T-lineage marker in human PBMC
Homo sapiens,human,CD3E,T cell,positive,,,scRNA-seq,high,false,T-cell receptor complex marker,Integrated analysis of multimodal single-cell data,Hao et al. Cell. 2021;184:3573-3587.e29,10.1016/j.cell.2021.04.048,34062119,https://pubmed.ncbi.nlm.nih.gov/34062119/,reported_marker,Figures 3-5 and Tables S1-S2,Canonical T-lineage marker in human PBMC
Homo sapiens,human,CD3G,T cell,positive,,,scRNA-seq,high,false,T-cell receptor complex marker,Integrated analysis of multimodal single-cell data,Hao et al. Cell. 2021;184:3573-3587.e29,10.1016/j.cell.2021.04.048,34062119,https://pubmed.ncbi.nlm.nih.gov/34062119/,reported_marker,Figures 3-5 and Tables S1-S2,Canonical T-lineage marker in human PBMC
Homo sapiens,human,TRAC,T cell,positive,,,scRNA-seq,high,false,T-cell receptor alpha constant marker,Single-cell transcriptomics of human T cells reveals tissue and activation signatures in health and disease,Szabo et al. Nature Communications. 2019;10:4706,10.1038/s41467-019-12464-3,31624246,https://pubmed.ncbi.nlm.nih.gov/31624246/,reported_marker,Figures 1-4 and supplementary marker analysis,Supported across human blood and tissue T cells
Homo sapiens,human,LCK,T cell,positive,,,scRNA-seq,moderate,false,T-lineage signaling kinase,Single-cell transcriptomics of human T cells reveals tissue and activation signatures in health and disease,Szabo et al. Nature Communications. 2019;10:4706,10.1038/s41467-019-12464-3,31624246,https://pubmed.ncbi.nlm.nih.gov/31624246/,reported_marker,Figures 1-4 and supplementary marker analysis,Supported across human blood and tissue T cells
Homo sapiens,human,CD4,CD4-positive helper T cell,positive,,,CITE-seq,high,false,CD4 lineage marker,Integrated analysis of multimodal single-cell data,Hao et al. Cell. 2021;184:3573-3587.e29,10.1016/j.cell.2021.04.048,34062119,https://pubmed.ncbi.nlm.nih.gov/34062119/,reported_marker,Figure 4 and Tables S1-S2,Supported by multimodal human PBMC analysis
Homo sapiens,human,IL7R,CD4-positive helper T cell,positive,,,scRNA-seq,moderate,false,Common non-cytotoxic CD4 T-cell marker,Integrated analysis of multimodal single-cell data,Hao et al. Cell. 2021;184:3573-3587.e29,10.1016/j.cell.2021.04.048,34062119,https://pubmed.ncbi.nlm.nih.gov/34062119/,reported_marker,Figure 4 and Tables S1-S2,Use with CD4 and T-lineage markers
Homo sapiens,human,LTB,CD4-positive helper T cell,positive,,,scRNA-seq,moderate,false,Lymphoid marker enriched in helper and memory states,Integrated analysis of multimodal single-cell data,Hao et al. Cell. 2021;184:3573-3587.e29,10.1016/j.cell.2021.04.048,34062119,https://pubmed.ncbi.nlm.nih.gov/34062119/,reported_marker,Figure 4 and Tables S1-S2,Use as part of a marker panel
Homo sapiens,human,MAL,CD4-positive helper T cell,positive,,,scRNA-seq,moderate,false,Naive and helper T-cell-associated marker,Integrated analysis of multimodal single-cell data,Hao et al. Cell. 2021;184:3573-3587.e29,10.1016/j.cell.2021.04.048,34062119,https://pubmed.ncbi.nlm.nih.gov/34062119/,reported_marker,Figure 4 and Tables S1-S2,Use as part of a marker panel
Homo sapiens,human,CCR7,naive CD4-positive T cell,positive,blood,,CITE-seq,high,false,Lymphoid homing receptor,Integrated analysis of multimodal single-cell data,Hao et al. Cell. 2021;184:3573-3587.e29,10.1016/j.cell.2021.04.048,34062119,https://pubmed.ncbi.nlm.nih.gov/34062119/,reported_marker,Figure 4 and Tables S1-S2,Naive and central-memory-associated marker
Homo sapiens,human,SELL,naive CD4-positive T cell,positive,blood,,CITE-seq,high,false,CD62L-encoding naive T-cell marker,Integrated analysis of multimodal single-cell data,Hao et al. Cell. 2021;184:3573-3587.e29,10.1016/j.cell.2021.04.048,34062119,https://pubmed.ncbi.nlm.nih.gov/34062119/,reported_marker,Figure 4 and Tables S1-S2,Naive and central-memory-associated marker
Homo sapiens,human,TCF7,naive CD4-positive T cell,positive,blood,,scRNA-seq,high,false,Naive T-cell transcription factor,Integrated analysis of multimodal single-cell data,Hao et al. Cell. 2021;184:3573-3587.e29,10.1016/j.cell.2021.04.048,34062119,https://pubmed.ncbi.nlm.nih.gov/34062119/,reported_marker,Figure 4 and Tables S1-S2,Supported by human PBMC biomarker analysis
Homo sapiens,human,LEF1,naive CD4-positive T cell,positive,blood,,scRNA-seq,high,false,Naive T-cell transcription factor,Integrated analysis of multimodal single-cell data,Hao et al. Cell. 2021;184:3573-3587.e29,10.1016/j.cell.2021.04.048,34062119,https://pubmed.ncbi.nlm.nih.gov/34062119/,reported_marker,Figure 4 and Tables S1-S2,Supported by human PBMC biomarker analysis
Homo sapiens,human,MAL,naive CD4-positive T cell,positive,blood,,scRNA-seq,moderate,false,Naive T-cell-associated marker,Integrated analysis of multimodal single-cell data,Hao et al. Cell. 2021;184:3573-3587.e29,10.1016/j.cell.2021.04.048,34062119,https://pubmed.ncbi.nlm.nih.gov/34062119/,reported_marker,Figure 4 and Tables S1-S2,Use as part of a marker panel
Homo sapiens,human,CCR7,central memory CD4-positive T cell,positive,,,CITE-seq,high,false,Central-memory homing receptor,Tissue adaptation and clonal segregation of human memory T cells in barrier sites,Poon et al. Nature Immunology. 2023;24:309-319,10.1038/s41590-022-01395-9,36658238,https://pubmed.ncbi.nlm.nih.gov/36658238/,reported_marker,Figure 3 and Extended Data Figures 1-2,Marker used in human T-cell subset annotation across blood and tissues
Homo sapiens,human,SELL,central memory CD4-positive T cell,positive,,,CITE-seq,high,false,CD62L-encoding central-memory marker,Tissue adaptation and clonal segregation of human memory T cells in barrier sites,Poon et al. Nature Immunology. 2023;24:309-319,10.1038/s41590-022-01395-9,36658238,https://pubmed.ncbi.nlm.nih.gov/36658238/,reported_marker,Figure 3 and Extended Data Figures 1-2,Marker used in human T-cell subset annotation across blood and tissues
Homo sapiens,human,IL7R,central memory CD4-positive T cell,positive,,,scRNA-seq,high,false,Memory-survival receptor,Tissue adaptation and clonal segregation of human memory T cells in barrier sites,Poon et al. Nature Immunology. 2023;24:309-319,10.1038/s41590-022-01395-9,36658238,https://pubmed.ncbi.nlm.nih.gov/36658238/,reported_marker,Figure 3 and Extended Data Figures 1-2,Use with CCR7 and SELL
Homo sapiens,human,TCF7,central memory CD4-positive T cell,positive,,,scRNA-seq,moderate,false,Less-differentiated memory program,Tissue adaptation and clonal segregation of human memory T cells in barrier sites,Poon et al. Nature Immunology. 2023;24:309-319,10.1038/s41590-022-01395-9,36658238,https://pubmed.ncbi.nlm.nih.gov/36658238/,reported_marker,Figure 3 and Extended Data Figures 1-2,Use with homing receptors
Homo sapiens,human,LTB,central memory CD4-positive T cell,positive,,,scRNA-seq,moderate,false,Lymphoid memory-associated marker,Tissue adaptation and clonal segregation of human memory T cells in barrier sites,Poon et al. Nature Immunology. 2023;24:309-319,10.1038/s41590-022-01395-9,36658238,https://pubmed.ncbi.nlm.nih.gov/36658238/,reported_marker,Figure 3 and Extended Data Figures 1-2,Use as part of a marker panel
Homo sapiens,human,IL7R,effector memory CD4-positive T cell,positive,,,scRNA-seq,moderate,false,Memory CD4 T-cell marker,Single-cell transcriptomics of human T cells reveals tissue and activation signatures in health and disease,Szabo et al. Nature Communications. 2019;10:4706,10.1038/s41467-019-12464-3,31624246,https://pubmed.ncbi.nlm.nih.gov/31624246/,reported_marker,Figures 1-4 and supplementary marker analysis,Supported across human blood and tissue T cells
Homo sapiens,human,GZMK,effector memory CD4-positive T cell,positive,,,scRNA-seq,high,false,Effector-memory-associated granzyme,Single-cell transcriptomics of human T cells reveals tissue and activation signatures in health and disease,Szabo et al. Nature Communications. 2019;10:4706,10.1038/s41467-019-12464-3,31624246,https://pubmed.ncbi.nlm.nih.gov/31624246/,reported_marker,Figures 1-4 and supplementary marker analysis,Supported across human blood and tissue T cells
Homo sapiens,human,CCL5,effector memory CD4-positive T cell,positive,,,scRNA-seq,moderate,false,Effector-associated chemokine,Single-cell transcriptomics of human T cells reveals tissue and activation signatures in health and disease,Szabo et al. Nature Communications. 2019;10:4706,10.1038/s41467-019-12464-3,31624246,https://pubmed.ncbi.nlm.nih.gov/31624246/,reported_marker,Figures 1-4 and supplementary marker analysis,Expression varies with activation and cytotoxic differentiation
Homo sapiens,human,LTB,effector memory CD4-positive T cell,positive,,,scRNA-seq,moderate,false,Lymphoid memory-associated marker,Single-cell transcriptomics of human T cells reveals tissue and activation signatures in health and disease,Szabo et al. Nature Communications. 2019;10:4706,10.1038/s41467-019-12464-3,31624246,https://pubmed.ncbi.nlm.nih.gov/31624246/,reported_marker,Figures 1-4 and supplementary marker analysis,Use as part of a marker panel
Homo sapiens,human,FOXP3,regulatory T cell,positive,,,scRNA-seq,high,false,Canonical regulatory T-cell transcription factor,Integrated analysis of multimodal single-cell data,Hao et al. Cell. 2021;184:3573-3587.e29,10.1016/j.cell.2021.04.048,34062119,https://pubmed.ncbi.nlm.nih.gov/34062119/,reported_marker,Figure 4 and Tables S1-S2,Canonical marker in a multimodal human PBMC atlas
Homo sapiens,human,IL2RA,regulatory T cell,positive,,,CITE-seq,high,false,CD25-encoding regulatory T-cell marker,Integrated analysis of multimodal single-cell data,Hao et al. Cell. 2021;184:3573-3587.e29,10.1016/j.cell.2021.04.048,34062119,https://pubmed.ncbi.nlm.nih.gov/34062119/,reported_marker,Figure 4 and Tables S1-S2,Interpret with FOXP3 and CTLA4
Homo sapiens,human,CTLA4,regulatory T cell,positive,,,scRNA-seq,high,false,Regulatory and activation-associated checkpoint,Integrated analysis of multimodal single-cell data,Hao et al. Cell. 2021;184:3573-3587.e29,10.1016/j.cell.2021.04.048,34062119,https://pubmed.ncbi.nlm.nih.gov/34062119/,reported_marker,Figure 4 and Tables S1-S2,Interpret with FOXP3 and IL2RA
Homo sapiens,human,TIGIT,regulatory T cell,positive,,,CITE-seq,moderate,false,Regulatory T-cell-associated checkpoint,Integrated analysis of multimodal single-cell data,Hao et al. Cell. 2021;184:3573-3587.e29,10.1016/j.cell.2021.04.048,34062119,https://pubmed.ncbi.nlm.nih.gov/34062119/,reported_marker,Figure 4 and Tables S1-S2,Not exclusive to regulatory T cells
Homo sapiens,human,IKZF2,regulatory T cell,positive,,,scRNA-seq,moderate,false,HELIOS-encoding regulatory T-cell-associated factor,Tissue adaptation and clonal segregation of human memory T cells in barrier sites,Poon et al. Nature Immunology. 2023;24:309-319,10.1038/s41590-022-01395-9,36658238,https://pubmed.ncbi.nlm.nih.gov/36658238/,reported_marker,Figure 3 and Extended Data Figures 1-2,Use with FOXP3 and IL2RA
Homo sapiens,human,CXCR5,follicular helper T cell,positive,lymphoid tissue,,CITE-seq,high,false,Follicular homing receptor,Tissue adaptation and clonal segregation of human memory T cells in barrier sites,Poon et al. Nature Immunology. 2023;24:309-319,10.1038/s41590-022-01395-9,36658238,https://pubmed.ncbi.nlm.nih.gov/36658238/,reported_marker,Figure 3 and Extended Data Figures 1-2,Marker used in human T-cell subset annotation
Homo sapiens,human,PDCD1,follicular helper T cell,positive,lymphoid tissue,,CITE-seq,moderate,false,PD-1-encoding follicular helper marker,Tissue adaptation and clonal segregation of human memory T cells in barrier sites,Poon et al. Nature Immunology. 2023;24:309-319,10.1038/s41590-022-01395-9,36658238,https://pubmed.ncbi.nlm.nih.gov/36658238/,reported_marker,Figure 3 and Extended Data Figures 1-2,Also expressed in activated or exhausted T cells
Homo sapiens,human,ICOS,follicular helper T cell,positive,lymphoid tissue,,CITE-seq,moderate,false,Follicular helper co-stimulatory receptor,Tissue adaptation and clonal segregation of human memory T cells in barrier sites,Poon et al. Nature Immunology. 2023;24:309-319,10.1038/s41590-022-01395-9,36658238,https://pubmed.ncbi.nlm.nih.gov/36658238/,reported_marker,Figure 3 and Extended Data Figures 1-2,Use with CXCR5 and PDCD1
Homo sapiens,human,SH2D1A,follicular helper T cell,positive,lymphoid tissue,,scRNA-seq,moderate,false,SLAM-associated signaling marker,Tissue adaptation and clonal segregation of human memory T cells in barrier sites,Poon et al. Nature Immunology. 2023;24:309-319,10.1038/s41590-022-01395-9,36658238,https://pubmed.ncbi.nlm.nih.gov/36658238/,reported_marker,Figure 3 and Extended Data Figures 1-2,Use as part of a marker panel
Homo sapiens,human,TOX2,follicular helper T cell,positive,lymphoid tissue,,scRNA-seq,moderate,false,Follicular helper transcriptional program,Tissue adaptation and clonal segregation of human memory T cells in barrier sites,Poon et al. Nature Immunology. 2023;24:309-319,10.1038/s41590-022-01395-9,36658238,https://pubmed.ncbi.nlm.nih.gov/36658238/,reported_marker,Figure 3 and Extended Data Figures 1-2,Use as part of a marker panel
Homo sapiens,human,CD8A,CD8-positive cytotoxic T cell,positive,,,CITE-seq,high,false,CD8 lineage marker,Integrated analysis of multimodal single-cell data,Hao et al. Cell. 2021;184:3573-3587.e29,10.1016/j.cell.2021.04.048,34062119,https://pubmed.ncbi.nlm.nih.gov/34062119/,reported_marker,Figure 4 and Tables S1-S2,Supported by multimodal human PBMC analysis
Homo sapiens,human,CD8B,CD8-positive cytotoxic T cell,positive,,,scRNA-seq,high,false,CD8 lineage marker,Integrated analysis of multimodal single-cell data,Hao et al. Cell. 2021;184:3573-3587.e29,10.1016/j.cell.2021.04.048,34062119,https://pubmed.ncbi.nlm.nih.gov/34062119/,reported_marker,Figure 4 and Tables S1-S2,Supported by human PBMC biomarker analysis
Homo sapiens,human,CCL5,CD8-positive cytotoxic T cell,positive,,,scRNA-seq,high,false,Cytotoxic effector marker,Single-cell transcriptomics of human T cells reveals tissue and activation signatures in health and disease,Szabo et al. Nature Communications. 2019;10:4706,10.1038/s41467-019-12464-3,31624246,https://pubmed.ncbi.nlm.nih.gov/31624246/,reported_marker,Figures 1-4 and supplementary marker analysis,Expression varies with differentiation and activation
Homo sapiens,human,NKG7,CD8-positive cytotoxic T cell,positive,,,scRNA-seq,moderate,false,Cytotoxic lymphocyte marker,Single-cell transcriptomics of human T cells reveals tissue and activation signatures in health and disease,Szabo et al. Nature Communications. 2019;10:4706,10.1038/s41467-019-12464-3,31624246,https://pubmed.ncbi.nlm.nih.gov/31624246/,reported_marker,Figures 1-4 and supplementary marker analysis,Also highly expressed by NK cells
Homo sapiens,human,CTSW,CD8-positive cytotoxic T cell,positive,,,scRNA-seq,moderate,false,Cytotoxic T-cell-associated protease,Single-cell transcriptomics of human T cells reveals tissue and activation signatures in health and disease,Szabo et al. Nature Communications. 2019;10:4706,10.1038/s41467-019-12464-3,31624246,https://pubmed.ncbi.nlm.nih.gov/31624246/,reported_marker,Figures 1-4 and supplementary marker analysis,Use with CD8 and T-lineage markers
Homo sapiens,human,CCR7,naive CD8-positive T cell,positive,blood,,CITE-seq,high,false,Lymphoid homing receptor,Integrated analysis of multimodal single-cell data,Hao et al. Cell. 2021;184:3573-3587.e29,10.1016/j.cell.2021.04.048,34062119,https://pubmed.ncbi.nlm.nih.gov/34062119/,reported_marker,Figure 4 and Tables S1-S2,Naive and central-memory-associated marker
Homo sapiens,human,SELL,naive CD8-positive T cell,positive,blood,,CITE-seq,high,false,CD62L-encoding naive T-cell marker,Integrated analysis of multimodal single-cell data,Hao et al. Cell. 2021;184:3573-3587.e29,10.1016/j.cell.2021.04.048,34062119,https://pubmed.ncbi.nlm.nih.gov/34062119/,reported_marker,Figure 4 and Tables S1-S2,Naive and central-memory-associated marker
Homo sapiens,human,TCF7,naive CD8-positive T cell,positive,blood,,scRNA-seq,high,false,Naive T-cell transcription factor,Integrated analysis of multimodal single-cell data,Hao et al. Cell. 2021;184:3573-3587.e29,10.1016/j.cell.2021.04.048,34062119,https://pubmed.ncbi.nlm.nih.gov/34062119/,reported_marker,Figure 4 and Tables S1-S2,Supported by human PBMC biomarker analysis
Homo sapiens,human,LEF1,naive CD8-positive T cell,positive,blood,,scRNA-seq,high,false,Naive T-cell transcription factor,Integrated analysis of multimodal single-cell data,Hao et al. Cell. 2021;184:3573-3587.e29,10.1016/j.cell.2021.04.048,34062119,https://pubmed.ncbi.nlm.nih.gov/34062119/,reported_marker,Figure 4 and Tables S1-S2,Supported by human PBMC biomarker analysis
Homo sapiens,human,MAL,naive CD8-positive T cell,positive,blood,,scRNA-seq,moderate,false,Naive T-cell-associated marker,Integrated analysis of multimodal single-cell data,Hao et al. Cell. 2021;184:3573-3587.e29,10.1016/j.cell.2021.04.048,34062119,https://pubmed.ncbi.nlm.nih.gov/34062119/,reported_marker,Figure 4 and Tables S1-S2,Use as part of a marker panel
Homo sapiens,human,CCR7,central memory CD8-positive T cell,positive,,,CITE-seq,high,false,Central-memory homing receptor,Tissue adaptation and clonal segregation of human memory T cells in barrier sites,Poon et al. Nature Immunology. 2023;24:309-319,10.1038/s41590-022-01395-9,36658238,https://pubmed.ncbi.nlm.nih.gov/36658238/,reported_marker,Figure 3 and Extended Data Figures 1-2,Marker used in human T-cell subset annotation across blood and tissues
Homo sapiens,human,SELL,central memory CD8-positive T cell,positive,,,CITE-seq,high,false,CD62L-encoding central-memory marker,Tissue adaptation and clonal segregation of human memory T cells in barrier sites,Poon et al. Nature Immunology. 2023;24:309-319,10.1038/s41590-022-01395-9,36658238,https://pubmed.ncbi.nlm.nih.gov/36658238/,reported_marker,Figure 3 and Extended Data Figures 1-2,Marker used in human T-cell subset annotation across blood and tissues
Homo sapiens,human,TCF7,central memory CD8-positive T cell,positive,,,scRNA-seq,moderate,false,Less-differentiated memory program,Tissue adaptation and clonal segregation of human memory T cells in barrier sites,Poon et al. Nature Immunology. 2023;24:309-319,10.1038/s41590-022-01395-9,36658238,https://pubmed.ncbi.nlm.nih.gov/36658238/,reported_marker,Figure 3 and Extended Data Figures 1-2,Use with homing receptors
Homo sapiens,human,IL7R,central memory CD8-positive T cell,positive,,,scRNA-seq,moderate,false,Memory-survival receptor,Tissue adaptation and clonal segregation of human memory T cells in barrier sites,Poon et al. Nature Immunology. 2023;24:309-319,10.1038/s41590-022-01395-9,36658238,https://pubmed.ncbi.nlm.nih.gov/36658238/,reported_marker,Figure 3 and Extended Data Figures 1-2,Use with CCR7 and SELL
Homo sapiens,human,GZMK,central memory CD8-positive T cell,positive,,,scRNA-seq,moderate,false,Early effector-memory-associated granzyme,Integrated analysis of multimodal single-cell data,Hao et al. Cell. 2021;184:3573-3587.e29,10.1016/j.cell.2021.04.048,34062119,https://pubmed.ncbi.nlm.nih.gov/34062119/,reported_marker,Figure 4 and Tables S1-S2,Expression spans central-to-effector memory states
Homo sapiens,human,CCL5,effector memory CD8-positive T cell,positive,,,scRNA-seq,high,false,Cytotoxic effector chemokine,Single-cell transcriptomics of human T cells reveals tissue and activation signatures in health and disease,Szabo et al. Nature Communications. 2019;10:4706,10.1038/s41467-019-12464-3,31624246,https://pubmed.ncbi.nlm.nih.gov/31624246/,reported_marker,Figures 1-4 and supplementary marker analysis,Supported across human blood and tissue T cells
Homo sapiens,human,NKG7,effector memory CD8-positive T cell,positive,,,scRNA-seq,high,false,Cytotoxic lymphocyte marker,Single-cell transcriptomics of human T cells reveals tissue and activation signatures in health and disease,Szabo et al. Nature Communications. 2019;10:4706,10.1038/s41467-019-12464-3,31624246,https://pubmed.ncbi.nlm.nih.gov/31624246/,reported_marker,Figures 1-4 and supplementary marker analysis,Also expressed by NK cells
Homo sapiens,human,GZMK,effector memory CD8-positive T cell,positive,,,scRNA-seq,high,false,Effector-memory-associated granzyme,Single-cell transcriptomics of human T cells reveals tissue and activation signatures in health and disease,Szabo et al. Nature Communications. 2019;10:4706,10.1038/s41467-019-12464-3,31624246,https://pubmed.ncbi.nlm.nih.gov/31624246/,reported_marker,Figures 1-4 and supplementary marker analysis,Supported across human blood and tissue T cells
Homo sapiens,human,CTSW,effector memory CD8-positive T cell,positive,,,scRNA-seq,moderate,false,Cytotoxic effector marker,Single-cell transcriptomics of human T cells reveals tissue and activation signatures in health and disease,Szabo et al. Nature Communications. 2019;10:4706,10.1038/s41467-019-12464-3,31624246,https://pubmed.ncbi.nlm.nih.gov/31624246/,reported_marker,Figures 1-4 and supplementary marker analysis,Use as part of a marker panel
Homo sapiens,human,PRF1,effector memory CD8-positive T cell,positive,,,scRNA-seq,moderate,false,Cytotoxic effector molecule,Single-cell transcriptomics of human T cells reveals tissue and activation signatures in health and disease,Szabo et al. Nature Communications. 2019;10:4706,10.1038/s41467-019-12464-3,31624246,https://pubmed.ncbi.nlm.nih.gov/31624246/,reported_marker,Figures 1-4 and supplementary marker analysis,Expression increases with cytotoxic differentiation
Homo sapiens,human,FGFBP2,terminally differentiated effector memory CD8-positive T cell,positive,blood,,scRNA-seq,high,false,Terminal cytotoxic effector marker,Tissue adaptation and clonal segregation of human memory T cells in barrier sites,Poon et al. Nature Immunology. 2023;24:309-319,10.1038/s41590-022-01395-9,36658238,https://pubmed.ncbi.nlm.nih.gov/36658238/,reported_marker,Figure 3 and Extended Data Figures 1-2,TEMRA-associated cytotoxic program
Homo sapiens,human,GNLY,terminally differentiated effector memory CD8-positive T cell,positive,blood,,scRNA-seq,high,false,Terminal cytotoxic effector marker,Tissue adaptation and clonal segregation of human memory T cells in barrier sites,Poon et al. Nature Immunology. 2023;24:309-319,10.1038/s41590-022-01395-9,36658238,https://pubmed.ncbi.nlm.nih.gov/36658238/,reported_marker,Figure 3 and Extended Data Figures 1-2,Also expressed by NK cells
Homo sapiens,human,GZMB,terminally differentiated effector memory CD8-positive T cell,positive,blood,,scRNA-seq,high,false,Granzyme B cytotoxic marker,Tissue adaptation and clonal segregation of human memory T cells in barrier sites,Poon et al. Nature Immunology. 2023;24:309-319,10.1038/s41590-022-01395-9,36658238,https://pubmed.ncbi.nlm.nih.gov/36658238/,reported_marker,Figure 3 and Extended Data Figures 1-2,TEMRA-associated cytotoxic program
Homo sapiens,human,NKG7,terminally differentiated effector memory CD8-positive T cell,positive,blood,,scRNA-seq,moderate,false,Cytotoxic lymphocyte marker,Tissue adaptation and clonal segregation of human memory T cells in barrier sites,Poon et al. Nature Immunology. 2023;24:309-319,10.1038/s41590-022-01395-9,36658238,https://pubmed.ncbi.nlm.nih.gov/36658238/,reported_marker,Figure 3 and Extended Data Figures 1-2,Also expressed by NK cells
Homo sapiens,human,CX3CR1,terminally differentiated effector memory CD8-positive T cell,positive,blood,,CITE-seq,moderate,false,Circulating terminal effector-associated receptor,Tissue adaptation and clonal segregation of human memory T cells in barrier sites,Poon et al. Nature Immunology. 2023;24:309-319,10.1038/s41590-022-01395-9,36658238,https://pubmed.ncbi.nlm.nih.gov/36658238/,reported_marker,Figure 3 and Extended Data Figures 1-2,Use with cytotoxic markers
Homo sapiens,human,SLC4A10,mucosal-associated invariant T cell,positive,,,scRNA-seq,high,false,MAIT-associated transcriptional marker,Integrated analysis of multimodal single-cell data,Hao et al. Cell. 2021;184:3573-3587.e29,10.1016/j.cell.2021.04.048,34062119,https://pubmed.ncbi.nlm.nih.gov/34062119/,reported_marker,Figures 3-5 and Tables S1-S2,Supported by multimodal human PBMC analysis
Homo sapiens,human,KLRB1,mucosal-associated invariant T cell,positive,,,CITE-seq,moderate,false,CD161-encoding MAIT-associated marker,Integrated analysis of multimodal single-cell data,Hao et al. Cell. 2021;184:3573-3587.e29,10.1016/j.cell.2021.04.048,34062119,https://pubmed.ncbi.nlm.nih.gov/34062119/,reported_marker,Figures 3-5 and Tables S1-S2,Also expressed by other T-cell populations
Homo sapiens,human,ZBTB16,mucosal-associated invariant T cell,positive,,,scRNA-seq,moderate,false,PLZF-encoding innate-like T-cell regulator,Integrated analysis of multimodal single-cell data,Hao et al. Cell. 2021;184:3573-3587.e29,10.1016/j.cell.2021.04.048,34062119,https://pubmed.ncbi.nlm.nih.gov/34062119/,reported_marker,Figures 3-5 and Tables S1-S2,Use with SLC4A10 and TCR features
Homo sapiens,human,TRAV1-2,mucosal-associated invariant T cell,positive,,,scRNA-seq,high,false,Canonical MAIT TCR alpha variable segment,Tissue adaptation and clonal segregation of human memory T cells in barrier sites,Poon et al. Nature Immunology. 2023;24:309-319,10.1038/s41590-022-01395-9,36658238,https://pubmed.ncbi.nlm.nih.gov/36658238/,reported_marker,Figure 3 and Extended Data Figures 1-2,TCR feature should be combined with transcript markers
Homo sapiens,human,KLRD1,mucosal-associated invariant T cell,positive,,,CITE-seq,moderate,false,Innate-like cytotoxic receptor,Tissue adaptation and clonal segregation of human memory T cells in barrier sites,Poon et al. Nature Immunology. 2023;24:309-319,10.1038/s41590-022-01395-9,36658238,https://pubmed.ncbi.nlm.nih.gov/36658238/,reported_marker,Figure 3 and Extended Data Figures 1-2,Not specific when used alone
Homo sapiens,human,TRDC,gamma-delta T cell,positive,,,scRNA-seq,high,false,Gamma-delta TCR constant marker,Tissue adaptation and clonal segregation of human memory T cells in barrier sites,Poon et al. Nature Immunology. 2023;24:309-319,10.1038/s41590-022-01395-9,36658238,https://pubmed.ncbi.nlm.nih.gov/36658238/,reported_marker,Figure 3 and Extended Data Figures 1-2,Canonical gamma-delta T-cell marker
Homo sapiens,human,TRGC1,gamma-delta T cell,positive,,,scRNA-seq,high,false,Gamma-delta TCR constant marker,Tissue adaptation and clonal segregation of human memory T cells in barrier sites,Poon et al. Nature Immunology. 2023;24:309-319,10.1038/s41590-022-01395-9,36658238,https://pubmed.ncbi.nlm.nih.gov/36658238/,reported_marker,Figure 3 and Extended Data Figures 1-2,Canonical gamma-delta T-cell marker
Homo sapiens,human,TRGC2,gamma-delta T cell,positive,,,scRNA-seq,high,false,Gamma-delta TCR constant marker,Tissue adaptation and clonal segregation of human memory T cells in barrier sites,Poon et al. Nature Immunology. 2023;24:309-319,10.1038/s41590-022-01395-9,36658238,https://pubmed.ncbi.nlm.nih.gov/36658238/,reported_marker,Figure 3 and Extended Data Figures 1-2,Canonical gamma-delta T-cell marker
Homo sapiens,human,CD3D,gamma-delta T cell,positive,,,scRNA-seq,moderate,false,T-lineage marker,Tissue adaptation and clonal segregation of human memory T cells in barrier sites,Poon et al. Nature Immunology. 2023;24:309-319,10.1038/s41590-022-01395-9,36658238,https://pubmed.ncbi.nlm.nih.gov/36658238/,reported_marker,Figure 3 and Extended Data Figures 1-2,Use with TRDC and TRGC genes
Homo sapiens,human,KLRD1,gamma-delta T cell,positive,,,CITE-seq,moderate,false,Innate-like cytotoxic receptor,Tissue adaptation and clonal segregation of human memory T cells in barrier sites,Poon et al. Nature Immunology. 2023;24:309-319,10.1038/s41590-022-01395-9,36658238,https://pubmed.ncbi.nlm.nih.gov/36658238/,reported_marker,Figure 3 and Extended Data Figures 1-2,Not specific when used alone
Homo sapiens,human,CD69,tissue-resident memory T cell,positive,barrier tissues,,CITE-seq,high,false,Tissue-residency-associated activation marker,Tissue adaptation and clonal segregation of human memory T cells in barrier sites,Poon et al. Nature Immunology. 2023;24:309-319,10.1038/s41590-022-01395-9,36658238,https://pubmed.ncbi.nlm.nih.gov/36658238/,reported_marker,Figures 1-3,Core residency marker in human barrier tissues
Homo sapiens,human,ITGAE,tissue-resident memory T cell,positive,barrier tissues,,CITE-seq,high,false,CD103-encoding tissue-residency marker,Tissue adaptation and clonal segregation of human memory T cells in barrier sites,Poon et al. Nature Immunology. 2023;24:309-319,10.1038/s41590-022-01395-9,36658238,https://pubmed.ncbi.nlm.nih.gov/36658238/,reported_marker,Figures 1-3,Expressed by subsets of tissue-resident T cells
Homo sapiens,human,CXCR6,tissue-resident memory T cell,positive,barrier tissues,,scRNA-seq,moderate,false,Tissue-homing and retention receptor,Tissue adaptation and clonal segregation of human memory T cells in barrier sites,Poon et al. Nature Immunology. 2023;24:309-319,10.1038/s41590-022-01395-9,36658238,https://pubmed.ncbi.nlm.nih.gov/36658238/,reported_marker,Figures 1-3,Core residency-associated program
Homo sapiens,human,ZNF683,tissue-resident memory T cell,positive,barrier tissues,,scRNA-seq,moderate,false,HOBIT-encoding residency-associated regulator,Tissue adaptation and clonal segregation of human memory T cells in barrier sites,Poon et al. Nature Immunology. 2023;24:309-319,10.1038/s41590-022-01395-9,36658238,https://pubmed.ncbi.nlm.nih.gov/36658238/,reported_marker,Figures 1-3,Use with surface residency markers
Homo sapiens,human,RGS1,tissue-resident memory T cell,positive,barrier tissues,,scRNA-seq,moderate,false,Tissue adaptation-associated marker,Tissue adaptation and clonal segregation of human memory T cells in barrier sites,Poon et al. Nature Immunology. 2023;24:309-319,10.1038/s41590-022-01395-9,36658238,https://pubmed.ncbi.nlm.nih.gov/36658238/,reported_marker,Figures 1-3,Not specific when used alone
Homo sapiens,human,CD68,macrophage,positive,,,scRNA-seq,high,false,Canonical lysosomal macrophage marker,Cross-tissue single-cell landscape of human monocytes and macrophages in health and disease,Mulder et al. Immunity. 2021;54:1883-1900.e5,10.1016/j.immuni.2021.07.007,34331874,https://pubmed.ncbi.nlm.nih.gov/34331874/,reported_marker,Figures 1-7 and supplemental signatures,Supported across the human monocyte-macrophage compendium
Homo sapiens,human,C1QA,macrophage,positive,,,scRNA-seq,high,false,Complement-expressing mature macrophage marker,Cross-tissue single-cell landscape of human monocytes and macrophages in health and disease,Mulder et al. Immunity. 2021;54:1883-1900.e5,10.1016/j.immuni.2021.07.007,34331874,https://pubmed.ncbi.nlm.nih.gov/34331874/,reported_marker,Figures 1-7 and supplemental signatures,Supported across human tissue macrophage states
Homo sapiens,human,C1QB,macrophage,positive,,,scRNA-seq,high,false,Complement-expressing mature macrophage marker,Cross-tissue single-cell landscape of human monocytes and macrophages in health and disease,Mulder et al. Immunity. 2021;54:1883-1900.e5,10.1016/j.immuni.2021.07.007,34331874,https://pubmed.ncbi.nlm.nih.gov/34331874/,reported_marker,Figures 1-7 and supplemental signatures,Supported across human tissue macrophage states
Homo sapiens,human,C1QC,macrophage,positive,,,scRNA-seq,high,false,Complement-expressing mature macrophage marker,Cross-tissue single-cell landscape of human monocytes and macrophages in health and disease,Mulder et al. Immunity. 2021;54:1883-1900.e5,10.1016/j.immuni.2021.07.007,34331874,https://pubmed.ncbi.nlm.nih.gov/34331874/,reported_marker,Figures 1-7 and supplemental signatures,Supported across human tissue macrophage states
Homo sapiens,human,FCER1G,macrophage,positive,,,scRNA-seq,high,false,Myeloid Fc receptor signaling marker,Cross-tissue single-cell landscape of human monocytes and macrophages in health and disease,Mulder et al. Immunity. 2021;54:1883-1900.e5,10.1016/j.immuni.2021.07.007,34331874,https://pubmed.ncbi.nlm.nih.gov/34331874/,reported_marker,Figures 1-7 and supplemental signatures,Use with macrophage maturation markers
Homo sapiens,human,TYROBP,macrophage,positive,,,scRNA-seq,high,false,Myeloid signaling adaptor,Cross-tissue single-cell landscape of human monocytes and macrophages in health and disease,Mulder et al. Immunity. 2021;54:1883-1900.e5,10.1016/j.immuni.2021.07.007,34331874,https://pubmed.ncbi.nlm.nih.gov/34331874/,reported_marker,Figures 1-7 and supplemental signatures,Shared across myeloid populations
Homo sapiens,human,CSF1R,macrophage,positive,,,scRNA-seq,high,false,Macrophage lineage receptor,Cross-tissue single-cell landscape of human monocytes and macrophages in health and disease,Mulder et al. Immunity. 2021;54:1883-1900.e5,10.1016/j.immuni.2021.07.007,34331874,https://pubmed.ncbi.nlm.nih.gov/34331874/,reported_marker,Figures 1-7 and supplemental signatures,Use with mature macrophage markers
Homo sapiens,human,LST1,macrophage,positive,,,scRNA-seq,moderate,false,Pan-myeloid marker,Cross-tissue single-cell landscape of human monocytes and macrophages in health and disease,Mulder et al. Immunity. 2021;54:1883-1900.e5,10.1016/j.immuni.2021.07.007,34331874,https://pubmed.ncbi.nlm.nih.gov/34331874/,reported_marker,Figures 1-7 and supplemental signatures,Not macrophage-specific when used alone
Homo sapiens,human,FOLR2,resident macrophage,positive,,healthy,scRNA-seq,high,false,Tissue-resident macrophage-associated receptor,Cross-tissue single-cell landscape of human monocytes and macrophages in health and disease,Mulder et al. Immunity. 2021;54:1883-1900.e5,10.1016/j.immuni.2021.07.007,34331874,https://pubmed.ncbi.nlm.nih.gov/34331874/,reported_marker,Figures 2-5 and supplemental signatures,Conserved resident macrophage-associated program
Homo sapiens,human,LYVE1,resident macrophage,positive,,healthy,scRNA-seq,high,false,Perivascular resident macrophage-associated marker,Cross-tissue single-cell landscape of human monocytes and macrophages in health and disease,Mulder et al. Immunity. 2021;54:1883-1900.e5,10.1016/j.immuni.2021.07.007,34331874,https://pubmed.ncbi.nlm.nih.gov/34331874/,reported_marker,Figures 2-5 and supplemental signatures,Expression varies by tissue niche
Homo sapiens,human,MRC1,resident macrophage,positive,,healthy,scRNA-seq,moderate,false,CD206-encoding resident macrophage-associated marker,Cross-tissue single-cell landscape of human monocytes and macrophages in health and disease,Mulder et al. Immunity. 2021;54:1883-1900.e5,10.1016/j.immuni.2021.07.007,34331874,https://pubmed.ncbi.nlm.nih.gov/34331874/,reported_marker,Figures 2-5 and supplemental signatures,Not specific when used alone
Homo sapiens,human,CD163,resident macrophage,positive,,healthy,scRNA-seq,moderate,false,Scavenger receptor enriched in resident macrophages,Cross-tissue single-cell landscape of human monocytes and macrophages in health and disease,Mulder et al. Immunity. 2021;54:1883-1900.e5,10.1016/j.immuni.2021.07.007,34331874,https://pubmed.ncbi.nlm.nih.gov/34331874/,reported_marker,Figures 2-5 and supplemental signatures,Not specific when used alone
Homo sapiens,human,TIMD4,resident macrophage,positive,,healthy,scRNA-seq,high,false,Long-lived resident macrophage-associated receptor,Cross-tissue single-cell landscape of human monocytes and macrophages in health and disease,Mulder et al. Immunity. 2021;54:1883-1900.e5,10.1016/j.immuni.2021.07.007,34331874,https://pubmed.ncbi.nlm.nih.gov/34331874/,reported_marker,Figures 2-5 and supplemental signatures,Expression varies by tissue
Homo sapiens,human,C1QC,resident macrophage,positive,,healthy,scRNA-seq,high,false,Complement-expressing resident macrophage marker,Cross-tissue single-cell landscape of human monocytes and macrophages in health and disease,Mulder et al. Immunity. 2021;54:1883-1900.e5,10.1016/j.immuni.2021.07.007,34331874,https://pubmed.ncbi.nlm.nih.gov/34331874/,reported_marker,Figures 2-5 and supplemental signatures,Use with FOLR2 and LYVE1
Homo sapiens,human,C1QA,C1QC-positive macrophage,positive,,,scRNA-seq,high,false,C1Q macrophage program,Cross-tissue single-cell landscape of human monocytes and macrophages in health and disease,Mulder et al. Immunity. 2021;54:1883-1900.e5,10.1016/j.immuni.2021.07.007,34331874,https://pubmed.ncbi.nlm.nih.gov/34331874/,reported_marker,Figures 2-6 and supplemental signatures,Conserved mature macrophage state
Homo sapiens,human,C1QB,C1QC-positive macrophage,positive,,,scRNA-seq,high,false,C1Q macrophage program,Cross-tissue single-cell landscape of human monocytes and macrophages in health and disease,Mulder et al. Immunity. 2021;54:1883-1900.e5,10.1016/j.immuni.2021.07.007,34331874,https://pubmed.ncbi.nlm.nih.gov/34331874/,reported_marker,Figures 2-6 and supplemental signatures,Conserved mature macrophage state
Homo sapiens,human,C1QC,C1QC-positive macrophage,positive,,,scRNA-seq,high,false,Defining C1QC macrophage marker,Cross-tissue single-cell landscape of human monocytes and macrophages in health and disease,Mulder et al. Immunity. 2021;54:1883-1900.e5,10.1016/j.immuni.2021.07.007,34331874,https://pubmed.ncbi.nlm.nih.gov/34331874/,reported_marker,Figures 2-6 and supplemental signatures,Conserved mature macrophage state
Homo sapiens,human,APOE,C1QC-positive macrophage,positive,,,scRNA-seq,moderate,false,Lipid-handling mature macrophage marker,Cross-tissue single-cell landscape of human monocytes and macrophages in health and disease,Mulder et al. Immunity. 2021;54:1883-1900.e5,10.1016/j.immuni.2021.07.007,34331874,https://pubmed.ncbi.nlm.nih.gov/34331874/,reported_marker,Figures 2-6 and supplemental signatures,Not specific when used alone
Homo sapiens,human,FOLR2,C1QC-positive macrophage,positive,,,scRNA-seq,moderate,false,Resident-like C1Q macrophage marker,Cross-tissue single-cell landscape of human monocytes and macrophages in health and disease,Mulder et al. Immunity. 2021;54:1883-1900.e5,10.1016/j.immuni.2021.07.007,34331874,https://pubmed.ncbi.nlm.nih.gov/34331874/,reported_marker,Figures 2-6 and supplemental signatures,Expression varies across tissues and disease
Homo sapiens,human,VSIG4,C1QC-positive macrophage,positive,,,scRNA-seq,moderate,false,Complement receptor-associated mature macrophage marker,Cross-tissue single-cell landscape of human monocytes and macrophages in health and disease,Mulder et al. Immunity. 2021;54:1883-1900.e5,10.1016/j.immuni.2021.07.007,34331874,https://pubmed.ncbi.nlm.nih.gov/34331874/,reported_marker,Figures 2-6 and supplemental signatures,Use as part of a marker panel
Homo sapiens,human,FCN1,FCN1-positive monocyte-derived macrophage,positive,inflammatory tissue,inflammation,scRNA-seq,high,false,Monocyte-like inflammatory macrophage marker,Cross-tissue single-cell landscape of human monocytes and macrophages in health and disease,Mulder et al. Immunity. 2021;54:1883-1900.e5,10.1016/j.immuni.2021.07.007,34331874,https://pubmed.ncbi.nlm.nih.gov/34331874/,reported_marker,Figures 2-6 and supplemental signatures,Represents a context-dependent monocyte-derived state
Homo sapiens,human,VCAN,FCN1-positive monocyte-derived macrophage,positive,inflammatory tissue,inflammation,scRNA-seq,high,false,Monocyte-like inflammatory macrophage marker,Cross-tissue single-cell landscape of human monocytes and macrophages in health and disease,Mulder et al. Immunity. 2021;54:1883-1900.e5,10.1016/j.immuni.2021.07.007,34331874,https://pubmed.ncbi.nlm.nih.gov/34331874/,reported_marker,Figures 2-6 and supplemental signatures,Represents a context-dependent monocyte-derived state
Homo sapiens,human,S100A8,FCN1-positive monocyte-derived macrophage,positive,inflammatory tissue,inflammation,scRNA-seq,moderate,false,Inflammatory myeloid marker,Cross-tissue single-cell landscape of human monocytes and macrophages in health and disease,Mulder et al. Immunity. 2021;54:1883-1900.e5,10.1016/j.immuni.2021.07.007,34331874,https://pubmed.ncbi.nlm.nih.gov/34331874/,reported_marker,Figures 2-6 and supplemental signatures,Also expressed by monocytes and neutrophils
Homo sapiens,human,S100A9,FCN1-positive monocyte-derived macrophage,positive,inflammatory tissue,inflammation,scRNA-seq,moderate,false,Inflammatory myeloid marker,Cross-tissue single-cell landscape of human monocytes and macrophages in health and disease,Mulder et al. Immunity. 2021;54:1883-1900.e5,10.1016/j.immuni.2021.07.007,34331874,https://pubmed.ncbi.nlm.nih.gov/34331874/,reported_marker,Figures 2-6 and supplemental signatures,Also expressed by monocytes and neutrophils
Homo sapiens,human,IL1B,FCN1-positive monocyte-derived macrophage,positive,inflammatory tissue,inflammation,scRNA-seq,moderate,false,Inflammatory cytokine program,Cross-tissue single-cell landscape of human monocytes and macrophages in health and disease,Mulder et al. Immunity. 2021;54:1883-1900.e5,10.1016/j.immuni.2021.07.007,34331874,https://pubmed.ncbi.nlm.nih.gov/34331874/,reported_marker,Figures 2-6 and supplemental signatures,Activation-state marker rather than lineage-specific marker
Homo sapiens,human,CTSS,FCN1-positive monocyte-derived macrophage,positive,inflammatory tissue,inflammation,scRNA-seq,moderate,false,Antigen-processing myeloid marker,Cross-tissue single-cell landscape of human monocytes and macrophages in health and disease,Mulder et al. Immunity. 2021;54:1883-1900.e5,10.1016/j.immuni.2021.07.007,34331874,https://pubmed.ncbi.nlm.nih.gov/34331874/,reported_marker,Figures 2-6 and supplemental signatures,Use with FCN1 and VCAN
Homo sapiens,human,TREM2,TREM2-positive SPP1-positive tumor-associated macrophage,positive,tumor,tumor,scRNA-seq,high,false,Defining tumor-associated macrophage receptor,Cross-tissue single-cell landscape of human monocytes and macrophages in health and disease,Mulder et al. Immunity. 2021;54:1883-1900.e5,10.1016/j.immuni.2021.07.007,34331874,https://pubmed.ncbi.nlm.nih.gov/34331874/,reported_marker,Figures 5-7 and supplemental signatures,Conserved tumor-associated macrophage state
Homo sapiens,human,SPP1,TREM2-positive SPP1-positive tumor-associated macrophage,positive,tumor,tumor,scRNA-seq,high,false,Defining tumor-associated macrophage marker,Cross-tissue single-cell landscape of human monocytes and macrophages in health and disease,Mulder et al. Immunity. 2021;54:1883-1900.e5,10.1016/j.immuni.2021.07.007,34331874,https://pubmed.ncbi.nlm.nih.gov/34331874/,reported_marker,Figures 5-7 and supplemental signatures,Conserved tumor-associated macrophage state
Homo sapiens,human,APOE,TREM2-positive SPP1-positive tumor-associated macrophage,positive,tumor,tumor,scRNA-seq,moderate,false,Lipid-handling tumor macrophage marker,Cross-tissue single-cell landscape of human monocytes and macrophages in health and disease,Mulder et al. Immunity. 2021;54:1883-1900.e5,10.1016/j.immuni.2021.07.007,34331874,https://pubmed.ncbi.nlm.nih.gov/34331874/,reported_marker,Figures 5-7 and supplemental signatures,Use with TREM2 and SPP1
Homo sapiens,human,LPL,TREM2-positive SPP1-positive tumor-associated macrophage,positive,tumor,tumor,scRNA-seq,moderate,false,Lipid-metabolism tumor macrophage marker,Cross-tissue single-cell landscape of human monocytes and macrophages in health and disease,Mulder et al. Immunity. 2021;54:1883-1900.e5,10.1016/j.immuni.2021.07.007,34331874,https://pubmed.ncbi.nlm.nih.gov/34331874/,reported_marker,Figures 5-7 and supplemental signatures,Use with TREM2 and SPP1
Homo sapiens,human,GPNMB,TREM2-positive SPP1-positive tumor-associated macrophage,positive,tumor,tumor,scRNA-seq,moderate,false,Tumor and lipid-associated macrophage marker,Cross-tissue single-cell landscape of human monocytes and macrophages in health and disease,Mulder et al. Immunity. 2021;54:1883-1900.e5,10.1016/j.immuni.2021.07.007,34331874,https://pubmed.ncbi.nlm.nih.gov/34331874/,reported_marker,Figures 5-7 and supplemental signatures,Use with TREM2 and SPP1
Homo sapiens,human,FABP5,TREM2-positive SPP1-positive tumor-associated macrophage,positive,tumor,tumor,scRNA-seq,moderate,false,Lipid-metabolism-associated marker,Cross-tissue single-cell landscape of human monocytes and macrophages in health and disease,Mulder et al. Immunity. 2021;54:1883-1900.e5,10.1016/j.immuni.2021.07.007,34331874,https://pubmed.ncbi.nlm.nih.gov/34331874/,reported_marker,Figures 5-7 and supplemental signatures,Not specific when used alone
Homo sapiens,human,IL4I1,IL4I1-positive tumor-associated macrophage,positive,tumor,tumor,scRNA-seq,high,false,Defining conserved tumor-associated macrophage marker,Cross-tissue single-cell landscape of human monocytes and macrophages in health and disease,Mulder et al. Immunity. 2021;54:1883-1900.e5,10.1016/j.immuni.2021.07.007,34331874,https://pubmed.ncbi.nlm.nih.gov/34331874/,reported_marker,Figures 5-7 and supplemental signatures,Conserved immunoregulatory tumor-associated state
Homo sapiens,human,CD274,IL4I1-positive tumor-associated macrophage,positive,tumor,tumor,scRNA-seq,high,false,PD-L1-encoding immunoregulatory marker,Cross-tissue single-cell landscape of human monocytes and macrophages in health and disease,Mulder et al. Immunity. 2021;54:1883-1900.e5,10.1016/j.immuni.2021.07.007,34331874,https://pubmed.ncbi.nlm.nih.gov/34331874/,reported_marker,Figures 5-7 and supplemental signatures,Activation and tumor-context marker
Homo sapiens,human,IDO1,IL4I1-positive tumor-associated macrophage,positive,tumor,tumor,scRNA-seq,high,false,Immunoregulatory tryptophan-catabolism marker,Cross-tissue single-cell landscape of human monocytes and macrophages in health and disease,Mulder et al. Immunity. 2021;54:1883-1900.e5,10.1016/j.immuni.2021.07.007,34331874,https://pubmed.ncbi.nlm.nih.gov/34331874/,reported_marker,Figures 5-7 and supplemental signatures,Activation and tumor-context marker
Homo sapiens,human,HLA-DRA,IL4I1-positive tumor-associated macrophage,positive,tumor,tumor,scRNA-seq,moderate,false,Antigen-presentation program,Cross-tissue single-cell landscape of human monocytes and macrophages in health and disease,Mulder et al. Immunity. 2021;54:1883-1900.e5,10.1016/j.immuni.2021.07.007,34331874,https://pubmed.ncbi.nlm.nih.gov/34331874/,reported_marker,Figures 5-7 and supplemental signatures,Not specific when used alone
Homo sapiens,human,CD86,IL4I1-positive tumor-associated macrophage,positive,tumor,tumor,CITE-seq,moderate,false,Antigen-presentation and activation marker,Cross-tissue single-cell landscape of human monocytes and macrophages in health and disease,Mulder et al. Immunity. 2021;54:1883-1900.e5,10.1016/j.immuni.2021.07.007,34331874,https://pubmed.ncbi.nlm.nih.gov/34331874/,reported_marker,Figures 5-7 and supplemental signatures,Not specific when used alone
Homo sapiens,human,FABP4,alveolar macrophage,positive,lung,healthy,scRNA-seq,high,false,Canonical alveolar macrophage lipid-metabolism marker,A molecular cell atlas of the human lung from single-cell RNA sequencing,Travaglini et al. Nature. 2020;587:619-625,10.1038/s41586-020-2922-4,33208946,https://pubmed.ncbi.nlm.nih.gov/33208946/,reported_marker,Human lung cell atlas and supplemental marker tables,Human alveolar macrophage signature
Homo sapiens,human,PPARG,alveolar macrophage,positive,lung,healthy,scRNA-seq,high,false,Alveolar macrophage identity regulator,A molecular cell atlas of the human lung from single-cell RNA sequencing,Travaglini et al. Nature. 2020;587:619-625,10.1038/s41586-020-2922-4,33208946,https://pubmed.ncbi.nlm.nih.gov/33208946/,reported_marker,Human lung cell atlas and supplemental marker tables,Human alveolar macrophage signature
Homo sapiens,human,INHBA,alveolar macrophage,positive,lung,healthy,scRNA-seq,moderate,false,Alveolar macrophage-associated marker,A molecular cell atlas of the human lung from single-cell RNA sequencing,Travaglini et al. Nature. 2020;587:619-625,10.1038/s41586-020-2922-4,33208946,https://pubmed.ncbi.nlm.nih.gov/33208946/,reported_marker,Human lung cell atlas and supplemental marker tables,Expression can vary with lung state
Homo sapiens,human,MARCO,alveolar macrophage,positive,lung,healthy,scRNA-seq,high,false,Scavenger receptor enriched in alveolar macrophages,A molecular cell atlas of the human lung from single-cell RNA sequencing,Travaglini et al. Nature. 2020;587:619-625,10.1038/s41586-020-2922-4,33208946,https://pubmed.ncbi.nlm.nih.gov/33208946/,reported_marker,Human lung cell atlas and supplemental marker tables,Use with FABP4 and PPARG
Homo sapiens,human,NAPSA,alveolar macrophage,positive,lung,healthy,scRNA-seq,moderate,false,Alveolar macrophage-associated protease,A molecular cell atlas of the human lung from single-cell RNA sequencing,Travaglini et al. Nature. 2020;587:619-625,10.1038/s41586-020-2922-4,33208946,https://pubmed.ncbi.nlm.nih.gov/33208946/,reported_marker,Human lung cell atlas and supplemental marker tables,Use with canonical macrophage markers
Homo sapiens,human,SIGLEC1,alveolar macrophage,positive,lung,healthy,scRNA-seq,moderate,false,Macrophage lectin associated with alveolar identity,A molecular cell atlas of the human lung from single-cell RNA sequencing,Travaglini et al. Nature. 2020;587:619-625,10.1038/s41586-020-2922-4,33208946,https://pubmed.ncbi.nlm.nih.gov/33208946/,reported_marker,Human lung cell atlas and supplemental marker tables,Not specific when used alone
Homo sapiens,human,MARCO,Kupffer cell,positive,liver,healthy,scRNA-seq,high,false,Liver-resident macrophage scavenger receptor,Single cell RNA sequencing of human liver reveals distinct intrahepatic macrophage populations,MacParland et al. Nature Communications. 2018;9:4383,10.1038/s41467-018-06318-7,30348985,https://pubmed.ncbi.nlm.nih.gov/30348985/,reported_marker,Figure 5 and supplemental macrophage analysis,Human liver-resident macrophage signature
Homo sapiens,human,VSIG4,Kupffer cell,positive,liver,healthy,scRNA-seq,high,false,Complement receptor enriched in Kupffer cells,Single cell RNA sequencing of human liver reveals distinct intrahepatic macrophage populations,MacParland et al. Nature Communications. 2018;9:4383,10.1038/s41467-018-06318-7,30348985,https://pubmed.ncbi.nlm.nih.gov/30348985/,reported_marker,Figure 5 and supplemental macrophage analysis,Human liver-resident macrophage signature
Homo sapiens,human,TIMD4,Kupffer cell,positive,liver,healthy,scRNA-seq,high,false,Long-lived liver-resident macrophage marker,Single cell RNA sequencing of human liver reveals distinct intrahepatic macrophage populations,MacParland et al. Nature Communications. 2018;9:4383,10.1038/s41467-018-06318-7,30348985,https://pubmed.ncbi.nlm.nih.gov/30348985/,reported_marker,Figure 5 and supplemental macrophage analysis,Human liver-resident macrophage signature
Homo sapiens,human,CD5L,Kupffer cell,positive,liver,healthy,scRNA-seq,moderate,false,Liver macrophage scavenger-associated marker,Single cell RNA sequencing of human liver reveals distinct intrahepatic macrophage populations,MacParland et al. Nature Communications. 2018;9:4383,10.1038/s41467-018-06318-7,30348985,https://pubmed.ncbi.nlm.nih.gov/30348985/,reported_marker,Figure 5 and supplemental macrophage analysis,Use with MARCO and VSIG4
Homo sapiens,human,FOLR2,Kupffer cell,positive,liver,healthy,scRNA-seq,moderate,false,Resident-like liver macrophage marker,Single cell RNA sequencing of human liver reveals distinct intrahepatic macrophage populations,MacParland et al. Nature Communications. 2018;9:4383,10.1038/s41467-018-06318-7,30348985,https://pubmed.ncbi.nlm.nih.gov/30348985/,reported_marker,Figure 5 and supplemental macrophage analysis,Expression varies among Kupffer cell states
Homo sapiens,human,P2RY12,microglial cell,positive,brain,healthy,scRNA-seq,high,false,Homeostatic microglial receptor,Spatial and temporal heterogeneity of mouse and human microglia at single-cell resolution,Masuda et al. Nature. 2019;566:388-392,10.1038/s41586-019-0924-x,30760929,https://pubmed.ncbi.nlm.nih.gov/30760929/,reported_marker,Human microglia analysis and supplemental signatures,Human CNS-resident macrophage signature
Homo sapiens,human,TMEM119,microglial cell,positive,brain,healthy,scRNA-seq,high,false,Microglia-associated membrane marker,Spatial and temporal heterogeneity of mouse and human microglia at single-cell resolution,Masuda et al. Nature. 2019;566:388-392,10.1038/s41586-019-0924-x,30760929,https://pubmed.ncbi.nlm.nih.gov/30760929/,reported_marker,Human microglia analysis and supplemental signatures,Human CNS-resident macrophage signature
Homo sapiens,human,SALL1,microglial cell,positive,brain,healthy,scRNA-seq,high,false,Homeostatic microglial transcription factor,Spatial and temporal heterogeneity of mouse and human microglia at single-cell resolution,Masuda et al. Nature. 2019;566:388-392,10.1038/s41586-019-0924-x,30760929,https://pubmed.ncbi.nlm.nih.gov/30760929/,reported_marker,Human microglia analysis and supplemental signatures,Use with P2RY12 and TMEM119
Homo sapiens,human,GPR34,microglial cell,positive,brain,healthy,scRNA-seq,moderate,false,Homeostatic microglial receptor,Spatial and temporal heterogeneity of mouse and human microglia at single-cell resolution,Masuda et al. Nature. 2019;566:388-392,10.1038/s41586-019-0924-x,30760929,https://pubmed.ncbi.nlm.nih.gov/30760929/,reported_marker,Human microglia analysis and supplemental signatures,Use with P2RY12 and TMEM119
Homo sapiens,human,CX3CR1,microglial cell,positive,brain,healthy,scRNA-seq,moderate,false,Fractalkine receptor enriched in microglia,Spatial and temporal heterogeneity of mouse and human microglia at single-cell resolution,Masuda et al. Nature. 2019;566:388-392,10.1038/s41586-019-0924-x,30760929,https://pubmed.ncbi.nlm.nih.gov/30760929/,reported_marker,Human microglia analysis and supplemental signatures,Also expressed by other myeloid cells
