assertion_id,gene_id,gene_symbol,gene_aliases,stable_id,species,species_common_name,major_cell_type,cell_subtype,cell_type,ontology_id,marker_direction,tissue,condition,developmental_stage,assay,confidence,bbsr_verified,submitter,notes,evidence_count,source_titles,source_identifiers,source_url,source_links,updated_at
1,1,CD19,,,Homo sapiens,human,B cell,,B cell,"",positive,"","","",CITE-seq,high,false,,Canonical B-lineage marker,1,Integrated analysis of multimodal single-cell data,10.1016/j.cell.2021.04.048,https://pubmed.ncbi.nlm.nih.gov/34062119/,"[{'title': Integrated analysis of multimodal single-cell data, 'url': 'https://pubmed.ncbi.nlm.nih.gov/34062119/'}]",2026-08-09 22:37:01.407554
5,5,CD22,,,Homo sapiens,human,B cell,,B cell,"",positive,"","","",CITE-seq,high,false,,B-cell surface receptor marker,1,Integrated analysis of multimodal single-cell data,10.1016/j.cell.2021.04.048,https://pubmed.ncbi.nlm.nih.gov/34062119/,"[{'title': Integrated analysis of multimodal single-cell data, 'url': 'https://pubmed.ncbi.nlm.nih.gov/34062119/'}]",2026-08-09 22:37:01.407554
6,6,CD74,,,Homo sapiens,human,B cell,,B cell,"",positive,"","","",scRNA-seq,moderate,false,,MHC class II-associated B-cell marker,1,Integrated analysis of multimodal single-cell data,10.1016/j.cell.2021.04.048,https://pubmed.ncbi.nlm.nih.gov/34062119/,"[{'title': Integrated analysis of multimodal single-cell data, 'url': 'https://pubmed.ncbi.nlm.nih.gov/34062119/'}]",2026-08-09 22:37:01.407554
3,3,CD79A,,,Homo sapiens,human,B cell,,B cell,"",positive,"","","",CITE-seq,high,false,,B-cell receptor complex marker,1,Integrated analysis of multimodal single-cell data,10.1016/j.cell.2021.04.048,https://pubmed.ncbi.nlm.nih.gov/34062119/,"[{'title': Integrated analysis of multimodal single-cell data, 'url': 'https://pubmed.ncbi.nlm.nih.gov/34062119/'}]",2026-08-09 22:37:01.407554
4,4,CD79B,,,Homo sapiens,human,B cell,,B cell,"",positive,"","","",CITE-seq,high,false,,B-cell receptor complex marker,1,Integrated analysis of multimodal single-cell data,10.1016/j.cell.2021.04.048,https://pubmed.ncbi.nlm.nih.gov/34062119/,"[{'title': Integrated analysis of multimodal single-cell data, 'url': 'https://pubmed.ncbi.nlm.nih.gov/34062119/'}]",2026-08-09 22:37:01.407554
2,2,MS4A1,,,Homo sapiens,human,B cell,,B cell,"",positive,"","","",CITE-seq,high,false,,CD20-encoding B-lineage marker,1,Integrated analysis of multimodal single-cell data,10.1016/j.cell.2021.04.048,https://pubmed.ncbi.nlm.nih.gov/34062119/,"[{'title': Integrated analysis of multimodal single-cell data, 'url': 'https://pubmed.ncbi.nlm.nih.gov/34062119/'}]",2026-08-09 22:37:01.407554
125,87,APOE,,,Homo sapiens,human,macrophage,C1QC-positive macrophage,C1QC-positive macrophage,"",positive,"","","",scRNA-seq,moderate,false,,Lipid-handling mature macrophage marker,1,Cross-tissue single-cell landscape of human monocytes and macrophages in health and disease,10.1016/j.immuni.2021.07.007,https://pubmed.ncbi.nlm.nih.gov/34331874/,"[{'title': Cross-tissue single-cell landscape of human monocytes and macrophages in health and disease, 'url': 'https://pubmed.ncbi.nlm.nih.gov/34331874/'}]",2026-08-09 22:37:01.407554
122,75,C1QA,,,Homo sapiens,human,macrophage,C1QC-positive macrophage,C1QC-positive macrophage,"",positive,"","","",scRNA-seq,high,false,,C1Q macrophage program,1,Cross-tissue single-cell landscape of human monocytes and macrophages in health and disease,10.1016/j.immuni.2021.07.007,https://pubmed.ncbi.nlm.nih.gov/34331874/,"[{'title': Cross-tissue single-cell landscape of human monocytes and macrophages in health and disease, 'url': 'https://pubmed.ncbi.nlm.nih.gov/34331874/'}]",2026-08-09 22:37:01.407554
123,76,C1QB,,,Homo sapiens,human,macrophage,C1QC-positive macrophage,C1QC-positive macrophage,"",positive,"","","",scRNA-seq,high,false,,C1Q macrophage program,1,Cross-tissue single-cell landscape of human monocytes and macrophages in health and disease,10.1016/j.immuni.2021.07.007,https://pubmed.ncbi.nlm.nih.gov/34331874/,"[{'title': Cross-tissue single-cell landscape of human monocytes and macrophages in health and disease, 'url': 'https://pubmed.ncbi.nlm.nih.gov/34331874/'}]",2026-08-09 22:37:01.407554
124,77,C1QC,,,Homo sapiens,human,macrophage,C1QC-positive macrophage,C1QC-positive macrophage,"",positive,"","","",scRNA-seq,high,false,,Defining C1QC macrophage marker,1,Cross-tissue single-cell landscape of human monocytes and macrophages in health and disease,10.1016/j.immuni.2021.07.007,https://pubmed.ncbi.nlm.nih.gov/34331874/,"[{'title': Cross-tissue single-cell landscape of human monocytes and macrophages in health and disease, 'url': 'https://pubmed.ncbi.nlm.nih.gov/34331874/'}]",2026-08-09 22:37:01.407554
126,82,FOLR2,,,Homo sapiens,human,macrophage,C1QC-positive macrophage,C1QC-positive macrophage,"",positive,"","","",scRNA-seq,moderate,false,,Resident-like C1Q macrophage marker,1,Cross-tissue single-cell landscape of human monocytes and macrophages in health and disease,10.1016/j.immuni.2021.07.007,https://pubmed.ncbi.nlm.nih.gov/34331874/,"[{'title': Cross-tissue single-cell landscape of human monocytes and macrophages in health and disease, 'url': 'https://pubmed.ncbi.nlm.nih.gov/34331874/'}]",2026-08-09 22:37:01.407554
127,88,VSIG4,,,Homo sapiens,human,macrophage,C1QC-positive macrophage,C1QC-positive macrophage,"",positive,"","","",scRNA-seq,moderate,false,,Complement receptor-associated mature macrophage marker,1,Cross-tissue single-cell landscape of human monocytes and macrophages in health and disease,10.1016/j.immuni.2021.07.007,https://pubmed.ncbi.nlm.nih.gov/34331874/,"[{'title': Cross-tissue single-cell landscape of human monocytes and macrophages in health and disease, 'url': 'https://pubmed.ncbi.nlm.nih.gov/34331874/'}]",2026-08-09 22:37:01.407554
40,32,CD4,,,Homo sapiens,human,T cell,CD4-positive helper T cell,CD4-positive helper T cell,"",positive,"","","",CITE-seq,high,false,,CD4 lineage marker,1,Integrated analysis of multimodal single-cell data,10.1016/j.cell.2021.04.048,https://pubmed.ncbi.nlm.nih.gov/34062119/,"[{'title': Integrated analysis of multimodal single-cell data, 'url': 'https://pubmed.ncbi.nlm.nih.gov/34062119/'}]",2026-08-09 22:37:01.407554
41,33,IL7R,,,Homo sapiens,human,T cell,CD4-positive helper T cell,CD4-positive helper T cell,"",positive,"","","",scRNA-seq,moderate,false,,Common non-cytotoxic CD4 T-cell marker,1,Integrated analysis of multimodal single-cell data,10.1016/j.cell.2021.04.048,https://pubmed.ncbi.nlm.nih.gov/34062119/,"[{'title': Integrated analysis of multimodal single-cell data, 'url': 'https://pubmed.ncbi.nlm.nih.gov/34062119/'}]",2026-08-09 22:37:01.407554
42,34,LTB,,,Homo sapiens,human,T cell,CD4-positive helper T cell,CD4-positive helper T cell,"",positive,"","","",scRNA-seq,moderate,false,,Lymphoid marker enriched in helper and memory states,1,Integrated analysis of multimodal single-cell data,10.1016/j.cell.2021.04.048,https://pubmed.ncbi.nlm.nih.gov/34062119/,"[{'title': Integrated analysis of multimodal single-cell data, 'url': 'https://pubmed.ncbi.nlm.nih.gov/34062119/'}]",2026-08-09 22:37:01.407554
43,35,MAL,,,Homo sapiens,human,T cell,CD4-positive helper T cell,CD4-positive helper T cell,"",positive,"","","",scRNA-seq,moderate,false,,Naive and helper T-cell-associated marker,1,Integrated analysis of multimodal single-cell data,10.1016/j.cell.2021.04.048,https://pubmed.ncbi.nlm.nih.gov/34062119/,"[{'title': Integrated analysis of multimodal single-cell data, 'url': 'https://pubmed.ncbi.nlm.nih.gov/34062119/'}]",2026-08-09 22:37:01.407554
70,41,CCL5,,,Homo sapiens,human,T cell,CD8-positive cytotoxic T cell,CD8-positive cytotoxic T cell,"",positive,"","","",scRNA-seq,high,false,,Cytotoxic effector marker,1,Single-cell transcriptomics of human T cells reveals tissue and activation signatures in health and disease,10.1038/s41467-019-12464-3,https://pubmed.ncbi.nlm.nih.gov/31624246/,"[{'title': Single-cell transcriptomics of human T cells reveals tissue and activation signatures in health and disease, 'url': 'https://pubmed.ncbi.nlm.nih.gov/31624246/'}]",2026-08-09 22:37:01.407554
68,52,CD8A,,,Homo sapiens,human,T cell,CD8-positive cytotoxic T cell,CD8-positive cytotoxic T cell,"",positive,"","","",CITE-seq,high,false,,CD8 lineage marker,1,Integrated analysis of multimodal single-cell data,10.1016/j.cell.2021.04.048,https://pubmed.ncbi.nlm.nih.gov/34062119/,"[{'title': Integrated analysis of multimodal single-cell data, 'url': 'https://pubmed.ncbi.nlm.nih.gov/34062119/'}]",2026-08-09 22:37:01.407554
69,53,CD8B,,,Homo sapiens,human,T cell,CD8-positive cytotoxic T cell,CD8-positive cytotoxic T cell,"",positive,"","","",scRNA-seq,high,false,,CD8 lineage marker,1,Integrated analysis of multimodal single-cell data,10.1016/j.cell.2021.04.048,https://pubmed.ncbi.nlm.nih.gov/34062119/,"[{'title': Integrated analysis of multimodal single-cell data, 'url': 'https://pubmed.ncbi.nlm.nih.gov/34062119/'}]",2026-08-09 22:37:01.407554
72,55,CTSW,,,Homo sapiens,human,T cell,CD8-positive cytotoxic T cell,CD8-positive cytotoxic T cell,"",positive,"","","",scRNA-seq,moderate,false,,Cytotoxic T-cell-associated protease,1,Single-cell transcriptomics of human T cells reveals tissue and activation signatures in health and disease,10.1038/s41467-019-12464-3,https://pubmed.ncbi.nlm.nih.gov/31624246/,"[{'title': Single-cell transcriptomics of human T cells reveals tissue and activation signatures in health and disease, 'url': 'https://pubmed.ncbi.nlm.nih.gov/31624246/'}]",2026-08-09 22:37:01.407554
71,54,NKG7,,,Homo sapiens,human,T cell,CD8-positive cytotoxic T cell,CD8-positive cytotoxic T cell,"",positive,"","","",scRNA-seq,moderate,false,,Cytotoxic lymphocyte marker,1,Single-cell transcriptomics of human T cells reveals tissue and activation signatures in health and disease,10.1038/s41467-019-12464-3,https://pubmed.ncbi.nlm.nih.gov/31624246/,"[{'title': Single-cell transcriptomics of human T cells reveals tissue and activation signatures in health and disease, 'url': 'https://pubmed.ncbi.nlm.nih.gov/31624246/'}]",2026-08-09 22:37:01.407554
133,94,CTSS,,,Homo sapiens,human,macrophage,FCN1-positive monocyte-derived macrophage,FCN1-positive monocyte-derived macrophage,"",positive,inflammatory tissue,inflammation,"",scRNA-seq,moderate,false,,Antigen-processing myeloid marker,1,Cross-tissue single-cell landscape of human monocytes and macrophages in health and disease,10.1016/j.immuni.2021.07.007,https://pubmed.ncbi.nlm.nih.gov/34331874/,"[{'title': Cross-tissue single-cell landscape of human monocytes and macrophages in health and disease, 'url': 'https://pubmed.ncbi.nlm.nih.gov/34331874/'}]",2026-08-09 22:37:01.407554
128,89,FCN1,,,Homo sapiens,human,macrophage,FCN1-positive monocyte-derived macrophage,FCN1-positive monocyte-derived macrophage,"",positive,inflammatory tissue,inflammation,"",scRNA-seq,high,false,,Monocyte-like inflammatory macrophage marker,1,Cross-tissue single-cell landscape of human monocytes and macrophages in health and disease,10.1016/j.immuni.2021.07.007,https://pubmed.ncbi.nlm.nih.gov/34331874/,"[{'title': Cross-tissue single-cell landscape of human monocytes and macrophages in health and disease, 'url': 'https://pubmed.ncbi.nlm.nih.gov/34331874/'}]",2026-08-09 22:37:01.407554
132,93,IL1B,,,Homo sapiens,human,macrophage,FCN1-positive monocyte-derived macrophage,FCN1-positive monocyte-derived macrophage,"",positive,inflammatory tissue,inflammation,"",scRNA-seq,moderate,false,,Inflammatory cytokine program,1,Cross-tissue single-cell landscape of human monocytes and macrophages in health and disease,10.1016/j.immuni.2021.07.007,https://pubmed.ncbi.nlm.nih.gov/34331874/,"[{'title': Cross-tissue single-cell landscape of human monocytes and macrophages in health and disease, 'url': 'https://pubmed.ncbi.nlm.nih.gov/34331874/'}]",2026-08-09 22:37:01.407554
130,91,S100A8,,,Homo sapiens,human,macrophage,FCN1-positive monocyte-derived macrophage,FCN1-positive monocyte-derived macrophage,"",positive,inflammatory tissue,inflammation,"",scRNA-seq,moderate,false,,Inflammatory myeloid marker,1,Cross-tissue single-cell landscape of human monocytes and macrophages in health and disease,10.1016/j.immuni.2021.07.007,https://pubmed.ncbi.nlm.nih.gov/34331874/,"[{'title': Cross-tissue single-cell landscape of human monocytes and macrophages in health and disease, 'url': 'https://pubmed.ncbi.nlm.nih.gov/34331874/'}]",2026-08-09 22:37:01.407554
131,92,S100A9,,,Homo sapiens,human,macrophage,FCN1-positive monocyte-derived macrophage,FCN1-positive monocyte-derived macrophage,"",positive,inflammatory tissue,inflammation,"",scRNA-seq,moderate,false,,Inflammatory myeloid marker,1,Cross-tissue single-cell landscape of human monocytes and macrophages in health and disease,10.1016/j.immuni.2021.07.007,https://pubmed.ncbi.nlm.nih.gov/34331874/,"[{'title': Cross-tissue single-cell landscape of human monocytes and macrophages in health and disease, 'url': 'https://pubmed.ncbi.nlm.nih.gov/34331874/'}]",2026-08-09 22:37:01.407554
129,90,VCAN,,,Homo sapiens,human,macrophage,FCN1-positive monocyte-derived macrophage,FCN1-positive monocyte-derived macrophage,"",positive,inflammatory tissue,inflammation,"",scRNA-seq,high,false,,Monocyte-like inflammatory macrophage marker,1,Cross-tissue single-cell landscape of human monocytes and macrophages in health and disease,10.1016/j.immuni.2021.07.007,https://pubmed.ncbi.nlm.nih.gov/34331874/,"[{'title': Cross-tissue single-cell landscape of human monocytes and macrophages in health and disease, 'url': 'https://pubmed.ncbi.nlm.nih.gov/34331874/'}]",2026-08-09 22:37:01.407554
141,101,CD274,,,Homo sapiens,human,macrophage,IL4I1-positive tumor-associated macrophage,IL4I1-positive tumor-associated macrophage,"",positive,tumor,tumor,"",scRNA-seq,high,false,,PD-L1-encoding immunoregulatory marker,1,Cross-tissue single-cell landscape of human monocytes and macrophages in health and disease,10.1016/j.immuni.2021.07.007,https://pubmed.ncbi.nlm.nih.gov/34331874/,"[{'title': Cross-tissue single-cell landscape of human monocytes and macrophages in health and disease, 'url': 'https://pubmed.ncbi.nlm.nih.gov/34331874/'}]",2026-08-09 22:37:01.407554
144,104,CD86,,,Homo sapiens,human,macrophage,IL4I1-positive tumor-associated macrophage,IL4I1-positive tumor-associated macrophage,"",positive,tumor,tumor,"",CITE-seq,moderate,false,,Antigen-presentation and activation marker,1,Cross-tissue single-cell landscape of human monocytes and macrophages in health and disease,10.1016/j.immuni.2021.07.007,https://pubmed.ncbi.nlm.nih.gov/34331874/,"[{'title': Cross-tissue single-cell landscape of human monocytes and macrophages in health and disease, 'url': 'https://pubmed.ncbi.nlm.nih.gov/34331874/'}]",2026-08-09 22:37:01.407554
143,103,HLA-DRA,,,Homo sapiens,human,macrophage,IL4I1-positive tumor-associated macrophage,IL4I1-positive tumor-associated macrophage,"",positive,tumor,tumor,"",scRNA-seq,moderate,false,,Antigen-presentation program,1,Cross-tissue single-cell landscape of human monocytes and macrophages in health and disease,10.1016/j.immuni.2021.07.007,https://pubmed.ncbi.nlm.nih.gov/34331874/,"[{'title': Cross-tissue single-cell landscape of human monocytes and macrophages in health and disease, 'url': 'https://pubmed.ncbi.nlm.nih.gov/34331874/'}]",2026-08-09 22:37:01.407554
142,102,IDO1,,,Homo sapiens,human,macrophage,IL4I1-positive tumor-associated macrophage,IL4I1-positive tumor-associated macrophage,"",positive,tumor,tumor,"",scRNA-seq,high,false,,Immunoregulatory tryptophan-catabolism marker,1,Cross-tissue single-cell landscape of human monocytes and macrophages in health and disease,10.1016/j.immuni.2021.07.007,https://pubmed.ncbi.nlm.nih.gov/34331874/,"[{'title': Cross-tissue single-cell landscape of human monocytes and macrophages in health and disease, 'url': 'https://pubmed.ncbi.nlm.nih.gov/34331874/'}]",2026-08-09 22:37:01.407554
140,100,IL4I1,,,Homo sapiens,human,macrophage,IL4I1-positive tumor-associated macrophage,IL4I1-positive tumor-associated macrophage,"",positive,tumor,tumor,"",scRNA-seq,high,false,,Defining conserved tumor-associated macrophage marker,1,Cross-tissue single-cell landscape of human monocytes and macrophages in health and disease,10.1016/j.immuni.2021.07.007,https://pubmed.ncbi.nlm.nih.gov/34331874/,"[{'title': Cross-tissue single-cell landscape of human monocytes and macrophages in health and disease, 'url': 'https://pubmed.ncbi.nlm.nih.gov/34331874/'}]",2026-08-09 22:37:01.407554
154,111,CD5L,,,Homo sapiens,human,macrophage,Kupffer cell,Kupffer cell,"",positive,liver,healthy,"",scRNA-seq,moderate,false,,Liver macrophage scavenger-associated marker,1,Single cell RNA sequencing of human liver reveals distinct intrahepatic macrophage populations,10.1038/s41467-018-06318-7,https://pubmed.ncbi.nlm.nih.gov/30348985/,"[{'title': Single cell RNA sequencing of human liver reveals distinct intrahepatic macrophage populations, 'url': 'https://pubmed.ncbi.nlm.nih.gov/30348985/'}]",2026-08-09 22:37:01.407554
155,82,FOLR2,,,Homo sapiens,human,macrophage,Kupffer cell,Kupffer cell,"",positive,liver,healthy,"",scRNA-seq,moderate,false,,Resident-like liver macrophage marker,1,Single cell RNA sequencing of human liver reveals distinct intrahepatic macrophage populations,10.1038/s41467-018-06318-7,https://pubmed.ncbi.nlm.nih.gov/30348985/,"[{'title': Single cell RNA sequencing of human liver reveals distinct intrahepatic macrophage populations, 'url': 'https://pubmed.ncbi.nlm.nih.gov/30348985/'}]",2026-08-09 22:37:01.407554
151,108,MARCO,,,Homo sapiens,human,macrophage,Kupffer cell,Kupffer cell,"",positive,liver,healthy,"",scRNA-seq,high,false,,Liver-resident macrophage scavenger receptor,1,Single cell RNA sequencing of human liver reveals distinct intrahepatic macrophage populations,10.1038/s41467-018-06318-7,https://pubmed.ncbi.nlm.nih.gov/30348985/,"[{'title': Single cell RNA sequencing of human liver reveals distinct intrahepatic macrophage populations, 'url': 'https://pubmed.ncbi.nlm.nih.gov/30348985/'}]",2026-08-09 22:37:01.407554
153,86,TIMD4,,,Homo sapiens,human,macrophage,Kupffer cell,Kupffer cell,"",positive,liver,healthy,"",scRNA-seq,high,false,,Long-lived liver-resident macrophage marker,1,Single cell RNA sequencing of human liver reveals distinct intrahepatic macrophage populations,10.1038/s41467-018-06318-7,https://pubmed.ncbi.nlm.nih.gov/30348985/,"[{'title': Single cell RNA sequencing of human liver reveals distinct intrahepatic macrophage populations, 'url': 'https://pubmed.ncbi.nlm.nih.gov/30348985/'}]",2026-08-09 22:37:01.407554
152,88,VSIG4,,,Homo sapiens,human,macrophage,Kupffer cell,Kupffer cell,"",positive,liver,healthy,"",scRNA-seq,high,false,,Complement receptor enriched in Kupffer cells,1,Single cell RNA sequencing of human liver reveals distinct intrahepatic macrophage populations,10.1038/s41467-018-06318-7,https://pubmed.ncbi.nlm.nih.gov/30348985/,"[{'title': Single cell RNA sequencing of human liver reveals distinct intrahepatic macrophage populations, 'url': 'https://pubmed.ncbi.nlm.nih.gov/30348985/'}]",2026-08-09 22:37:01.407554
35,27,CD3D,,,Homo sapiens,human,T cell,,T cell,"",positive,"","","",scRNA-seq,high,false,,T-cell receptor complex marker,1,Integrated analysis of multimodal single-cell data,10.1016/j.cell.2021.04.048,https://pubmed.ncbi.nlm.nih.gov/34062119/,"[{'title': Integrated analysis of multimodal single-cell data, 'url': 'https://pubmed.ncbi.nlm.nih.gov/34062119/'}]",2026-08-09 22:37:01.407554
36,28,CD3E,,,Homo sapiens,human,T cell,,T cell,"",positive,"","","",scRNA-seq,high,false,,T-cell receptor complex marker,1,Integrated analysis of multimodal single-cell data,10.1016/j.cell.2021.04.048,https://pubmed.ncbi.nlm.nih.gov/34062119/,"[{'title': Integrated analysis of multimodal single-cell data, 'url': 'https://pubmed.ncbi.nlm.nih.gov/34062119/'}]",2026-08-09 22:37:01.407554
37,29,CD3G,,,Homo sapiens,human,T cell,,T cell,"",positive,"","","",scRNA-seq,high,false,,T-cell receptor complex marker,1,Integrated analysis of multimodal single-cell data,10.1016/j.cell.2021.04.048,https://pubmed.ncbi.nlm.nih.gov/34062119/,"[{'title': Integrated analysis of multimodal single-cell data, 'url': 'https://pubmed.ncbi.nlm.nih.gov/34062119/'}]",2026-08-09 22:37:01.407554
39,31,LCK,,,Homo sapiens,human,T cell,,T cell,"",positive,"","","",scRNA-seq,moderate,false,,T-lineage signaling kinase,1,Single-cell transcriptomics of human T cells reveals tissue and activation signatures in health and disease,10.1038/s41467-019-12464-3,https://pubmed.ncbi.nlm.nih.gov/31624246/,"[{'title': Single-cell transcriptomics of human T cells reveals tissue and activation signatures in health and disease, 'url': 'https://pubmed.ncbi.nlm.nih.gov/31624246/'}]",2026-08-09 22:37:01.407554
38,30,TRAC,,,Homo sapiens,human,T cell,,T cell,"",positive,"","","",scRNA-seq,high,false,,T-cell receptor alpha constant marker,1,Single-cell transcriptomics of human T cells reveals tissue and activation signatures in health and disease,10.1038/s41467-019-12464-3,https://pubmed.ncbi.nlm.nih.gov/31624246/,"[{'title': Single-cell transcriptomics of human T cells reveals tissue and activation signatures in health and disease, 'url': 'https://pubmed.ncbi.nlm.nih.gov/31624246/'}]",2026-08-09 22:37:01.407554
136,87,APOE,,,Homo sapiens,human,macrophage,TREM2-positive SPP1-positive tumor-associated macrophage,TREM2-positive SPP1-positive tumor-associated macrophage,"",positive,tumor,tumor,"",scRNA-seq,moderate,false,,Lipid-handling tumor macrophage marker,1,Cross-tissue single-cell landscape of human monocytes and macrophages in health and disease,10.1016/j.immuni.2021.07.007,https://pubmed.ncbi.nlm.nih.gov/34331874/,"[{'title': Cross-tissue single-cell landscape of human monocytes and macrophages in health and disease, 'url': 'https://pubmed.ncbi.nlm.nih.gov/34331874/'}]",2026-08-09 22:37:01.407554
139,99,FABP5,,,Homo sapiens,human,macrophage,TREM2-positive SPP1-positive tumor-associated macrophage,TREM2-positive SPP1-positive tumor-associated macrophage,"",positive,tumor,tumor,"",scRNA-seq,moderate,false,,Lipid-metabolism-associated marker,1,Cross-tissue single-cell landscape of human monocytes and macrophages in health and disease,10.1016/j.immuni.2021.07.007,https://pubmed.ncbi.nlm.nih.gov/34331874/,"[{'title': Cross-tissue single-cell landscape of human monocytes and macrophages in health and disease, 'url': 'https://pubmed.ncbi.nlm.nih.gov/34331874/'}]",2026-08-09 22:37:01.407554
138,98,GPNMB,,,Homo sapiens,human,macrophage,TREM2-positive SPP1-positive tumor-associated macrophage,TREM2-positive SPP1-positive tumor-associated macrophage,"",positive,tumor,tumor,"",scRNA-seq,moderate,false,,Tumor and lipid-associated macrophage marker,1,Cross-tissue single-cell landscape of human monocytes and macrophages in health and disease,10.1016/j.immuni.2021.07.007,https://pubmed.ncbi.nlm.nih.gov/34331874/,"[{'title': Cross-tissue single-cell landscape of human monocytes and macrophages in health and disease, 'url': 'https://pubmed.ncbi.nlm.nih.gov/34331874/'}]",2026-08-09 22:37:01.407554
137,97,LPL,,,Homo sapiens,human,macrophage,TREM2-positive SPP1-positive tumor-associated macrophage,TREM2-positive SPP1-positive tumor-associated macrophage,"",positive,tumor,tumor,"",scRNA-seq,moderate,false,,Lipid-metabolism tumor macrophage marker,1,Cross-tissue single-cell landscape of human monocytes and macrophages in health and disease,10.1016/j.immuni.2021.07.007,https://pubmed.ncbi.nlm.nih.gov/34331874/,"[{'title': Cross-tissue single-cell landscape of human monocytes and macrophages in health and disease, 'url': 'https://pubmed.ncbi.nlm.nih.gov/34331874/'}]",2026-08-09 22:37:01.407554
135,96,SPP1,,,Homo sapiens,human,macrophage,TREM2-positive SPP1-positive tumor-associated macrophage,TREM2-positive SPP1-positive tumor-associated macrophage,"",positive,tumor,tumor,"",scRNA-seq,high,false,,Defining tumor-associated macrophage marker,1,Cross-tissue single-cell landscape of human monocytes and macrophages in health and disease,10.1016/j.immuni.2021.07.007,https://pubmed.ncbi.nlm.nih.gov/34331874/,"[{'title': Cross-tissue single-cell landscape of human monocytes and macrophages in health and disease, 'url': 'https://pubmed.ncbi.nlm.nih.gov/34331874/'}]",2026-08-09 22:37:01.407554
134,95,TREM2,,,Homo sapiens,human,macrophage,TREM2-positive SPP1-positive tumor-associated macrophage,TREM2-positive SPP1-positive tumor-associated macrophage,"",positive,tumor,tumor,"",scRNA-seq,high,false,,Defining tumor-associated macrophage receptor,1,Cross-tissue single-cell landscape of human monocytes and macrophages in health and disease,10.1016/j.immuni.2021.07.007,https://pubmed.ncbi.nlm.nih.gov/34331874/,"[{'title': Cross-tissue single-cell landscape of human monocytes and macrophages in health and disease, 'url': 'https://pubmed.ncbi.nlm.nih.gov/34331874/'}]",2026-08-09 22:37:01.407554
145,105,FABP4,,,Homo sapiens,human,macrophage,alveolar macrophage,alveolar macrophage,"",positive,lung,healthy,"",scRNA-seq,high,false,,Canonical alveolar macrophage lipid-metabolism marker,1,A molecular cell atlas of the human lung from single-cell RNA sequencing,10.1038/s41586-020-2922-4,https://pubmed.ncbi.nlm.nih.gov/33208946/,"[{'title': A molecular cell atlas of the human lung from single-cell RNA sequencing, 'url': 'https://pubmed.ncbi.nlm.nih.gov/33208946/'}]",2026-08-09 22:37:01.407554
147,107,INHBA,,,Homo sapiens,human,macrophage,alveolar macrophage,alveolar macrophage,"",positive,lung,healthy,"",scRNA-seq,moderate,false,,Alveolar macrophage-associated marker,1,A molecular cell atlas of the human lung from single-cell RNA sequencing,10.1038/s41586-020-2922-4,https://pubmed.ncbi.nlm.nih.gov/33208946/,"[{'title': A molecular cell atlas of the human lung from single-cell RNA sequencing, 'url': 'https://pubmed.ncbi.nlm.nih.gov/33208946/'}]",2026-08-09 22:37:01.407554
148,108,MARCO,,,Homo sapiens,human,macrophage,alveolar macrophage,alveolar macrophage,"",positive,lung,healthy,"",scRNA-seq,high,false,,Scavenger receptor enriched in alveolar macrophages,1,A molecular cell atlas of the human lung from single-cell RNA sequencing,10.1038/s41586-020-2922-4,https://pubmed.ncbi.nlm.nih.gov/33208946/,"[{'title': A molecular cell atlas of the human lung from single-cell RNA sequencing, 'url': 'https://pubmed.ncbi.nlm.nih.gov/33208946/'}]",2026-08-09 22:37:01.407554
149,109,NAPSA,,,Homo sapiens,human,macrophage,alveolar macrophage,alveolar macrophage,"",positive,lung,healthy,"",scRNA-seq,moderate,false,,Alveolar macrophage-associated protease,1,A molecular cell atlas of the human lung from single-cell RNA sequencing,10.1038/s41586-020-2922-4,https://pubmed.ncbi.nlm.nih.gov/33208946/,"[{'title': A molecular cell atlas of the human lung from single-cell RNA sequencing, 'url': 'https://pubmed.ncbi.nlm.nih.gov/33208946/'}]",2026-08-09 22:37:01.407554
146,106,PPARG,,,Homo sapiens,human,macrophage,alveolar macrophage,alveolar macrophage,"",positive,lung,healthy,"",scRNA-seq,high,false,,Alveolar macrophage identity regulator,1,A molecular cell atlas of the human lung from single-cell RNA sequencing,10.1038/s41586-020-2922-4,https://pubmed.ncbi.nlm.nih.gov/33208946/,"[{'title': A molecular cell atlas of the human lung from single-cell RNA sequencing, 'url': 'https://pubmed.ncbi.nlm.nih.gov/33208946/'}]",2026-08-09 22:37:01.407554
150,110,SIGLEC1,,,Homo sapiens,human,macrophage,alveolar macrophage,alveolar macrophage,"",positive,lung,healthy,"",scRNA-seq,moderate,false,,Macrophage lectin associated with alveolar identity,1,A molecular cell atlas of the human lung from single-cell RNA sequencing,10.1038/s41586-020-2922-4,https://pubmed.ncbi.nlm.nih.gov/33208946/,"[{'title': A molecular cell atlas of the human lung from single-cell RNA sequencing, 'url': 'https://pubmed.ncbi.nlm.nih.gov/33208946/'}]",2026-08-09 22:37:01.407554
49,36,CCR7,,,Homo sapiens,human,T cell,central memory CD4-positive T cell,central memory CD4-positive T cell,"",positive,"","","",CITE-seq,high,false,,Central-memory homing receptor,1,Tissue adaptation and clonal segregation of human memory T cells in barrier sites,10.1038/s41590-022-01395-9,https://pubmed.ncbi.nlm.nih.gov/36658238/,"[{'title': Tissue adaptation and clonal segregation of human memory T cells in barrier sites, 'url': 'https://pubmed.ncbi.nlm.nih.gov/36658238/'}]",2026-08-09 22:37:01.407554
51,33,IL7R,,,Homo sapiens,human,T cell,central memory CD4-positive T cell,central memory CD4-positive T cell,"",positive,"","","",scRNA-seq,high,false,,Memory-survival receptor,1,Tissue adaptation and clonal segregation of human memory T cells in barrier sites,10.1038/s41590-022-01395-9,https://pubmed.ncbi.nlm.nih.gov/36658238/,"[{'title': Tissue adaptation and clonal segregation of human memory T cells in barrier sites, 'url': 'https://pubmed.ncbi.nlm.nih.gov/36658238/'}]",2026-08-09 22:37:01.407554
53,34,LTB,,,Homo sapiens,human,T cell,central memory CD4-positive T cell,central memory CD4-positive T cell,"",positive,"","","",scRNA-seq,moderate,false,,Lymphoid memory-associated marker,1,Tissue adaptation and clonal segregation of human memory T cells in barrier sites,10.1038/s41590-022-01395-9,https://pubmed.ncbi.nlm.nih.gov/36658238/,"[{'title': Tissue adaptation and clonal segregation of human memory T cells in barrier sites, 'url': 'https://pubmed.ncbi.nlm.nih.gov/36658238/'}]",2026-08-09 22:37:01.407554
50,37,SELL,,,Homo sapiens,human,T cell,central memory CD4-positive T cell,central memory CD4-positive T cell,"",positive,"","","",CITE-seq,high,false,,CD62L-encoding central-memory marker,1,Tissue adaptation and clonal segregation of human memory T cells in barrier sites,10.1038/s41590-022-01395-9,https://pubmed.ncbi.nlm.nih.gov/36658238/,"[{'title': Tissue adaptation and clonal segregation of human memory T cells in barrier sites, 'url': 'https://pubmed.ncbi.nlm.nih.gov/36658238/'}]",2026-08-09 22:37:01.407554
52,38,TCF7,,,Homo sapiens,human,T cell,central memory CD4-positive T cell,central memory CD4-positive T cell,"",positive,"","","",scRNA-seq,moderate,false,,Less-differentiated memory program,1,Tissue adaptation and clonal segregation of human memory T cells in barrier sites,10.1038/s41590-022-01395-9,https://pubmed.ncbi.nlm.nih.gov/36658238/,"[{'title': Tissue adaptation and clonal segregation of human memory T cells in barrier sites, 'url': 'https://pubmed.ncbi.nlm.nih.gov/36658238/'}]",2026-08-09 22:37:01.407554
78,36,CCR7,,,Homo sapiens,human,T cell,central memory CD8-positive T cell,central memory CD8-positive T cell,"",positive,"","","",CITE-seq,high,false,,Central-memory homing receptor,1,Tissue adaptation and clonal segregation of human memory T cells in barrier sites,10.1038/s41590-022-01395-9,https://pubmed.ncbi.nlm.nih.gov/36658238/,"[{'title': Tissue adaptation and clonal segregation of human memory T cells in barrier sites, 'url': 'https://pubmed.ncbi.nlm.nih.gov/36658238/'}]",2026-08-09 22:37:01.407554
82,40,GZMK,,,Homo sapiens,human,T cell,central memory CD8-positive T cell,central memory CD8-positive T cell,"",positive,"","","",scRNA-seq,moderate,false,,Early effector-memory-associated granzyme,1,Integrated analysis of multimodal single-cell data,10.1016/j.cell.2021.04.048,https://pubmed.ncbi.nlm.nih.gov/34062119/,"[{'title': Integrated analysis of multimodal single-cell data, 'url': 'https://pubmed.ncbi.nlm.nih.gov/34062119/'}]",2026-08-09 22:37:01.407554
81,33,IL7R,,,Homo sapiens,human,T cell,central memory CD8-positive T cell,central memory CD8-positive T cell,"",positive,"","","",scRNA-seq,moderate,false,,Memory-survival receptor,1,Tissue adaptation and clonal segregation of human memory T cells in barrier sites,10.1038/s41590-022-01395-9,https://pubmed.ncbi.nlm.nih.gov/36658238/,"[{'title': Tissue adaptation and clonal segregation of human memory T cells in barrier sites, 'url': 'https://pubmed.ncbi.nlm.nih.gov/36658238/'}]",2026-08-09 22:37:01.407554
79,37,SELL,,,Homo sapiens,human,T cell,central memory CD8-positive T cell,central memory CD8-positive T cell,"",positive,"","","",CITE-seq,high,false,,CD62L-encoding central-memory marker,1,Tissue adaptation and clonal segregation of human memory T cells in barrier sites,10.1038/s41590-022-01395-9,https://pubmed.ncbi.nlm.nih.gov/36658238/,"[{'title': Tissue adaptation and clonal segregation of human memory T cells in barrier sites, 'url': 'https://pubmed.ncbi.nlm.nih.gov/36658238/'}]",2026-08-09 22:37:01.407554
80,38,TCF7,,,Homo sapiens,human,T cell,central memory CD8-positive T cell,central memory CD8-positive T cell,"",positive,"","","",scRNA-seq,moderate,false,,Less-differentiated memory program,1,Tissue adaptation and clonal segregation of human memory T cells in barrier sites,10.1038/s41590-022-01395-9,https://pubmed.ncbi.nlm.nih.gov/36658238/,"[{'title': Tissue adaptation and clonal segregation of human memory T cells in barrier sites, 'url': 'https://pubmed.ncbi.nlm.nih.gov/36658238/'}]",2026-08-09 22:37:01.407554
56,41,CCL5,,,Homo sapiens,human,T cell,effector memory CD4-positive T cell,effector memory CD4-positive T cell,"",positive,"","","",scRNA-seq,moderate,false,,Effector-associated chemokine,1,Single-cell transcriptomics of human T cells reveals tissue and activation signatures in health and disease,10.1038/s41467-019-12464-3,https://pubmed.ncbi.nlm.nih.gov/31624246/,"[{'title': Single-cell transcriptomics of human T cells reveals tissue and activation signatures in health and disease, 'url': 'https://pubmed.ncbi.nlm.nih.gov/31624246/'}]",2026-08-09 22:37:01.407554
55,40,GZMK,,,Homo sapiens,human,T cell,effector memory CD4-positive T cell,effector memory CD4-positive T cell,"",positive,"","","",scRNA-seq,high,false,,Effector-memory-associated granzyme,1,Single-cell transcriptomics of human T cells reveals tissue and activation signatures in health and disease,10.1038/s41467-019-12464-3,https://pubmed.ncbi.nlm.nih.gov/31624246/,"[{'title': Single-cell transcriptomics of human T cells reveals tissue and activation signatures in health and disease, 'url': 'https://pubmed.ncbi.nlm.nih.gov/31624246/'}]",2026-08-09 22:37:01.407554
54,33,IL7R,,,Homo sapiens,human,T cell,effector memory CD4-positive T cell,effector memory CD4-positive T cell,"",positive,"","","",scRNA-seq,moderate,false,,Memory CD4 T-cell marker,1,Single-cell transcriptomics of human T cells reveals tissue and activation signatures in health and disease,10.1038/s41467-019-12464-3,https://pubmed.ncbi.nlm.nih.gov/31624246/,"[{'title': Single-cell transcriptomics of human T cells reveals tissue and activation signatures in health and disease, 'url': 'https://pubmed.ncbi.nlm.nih.gov/31624246/'}]",2026-08-09 22:37:01.407554
57,34,LTB,,,Homo sapiens,human,T cell,effector memory CD4-positive T cell,effector memory CD4-positive T cell,"",positive,"","","",scRNA-seq,moderate,false,,Lymphoid memory-associated marker,1,Single-cell transcriptomics of human T cells reveals tissue and activation signatures in health and disease,10.1038/s41467-019-12464-3,https://pubmed.ncbi.nlm.nih.gov/31624246/,"[{'title': Single-cell transcriptomics of human T cells reveals tissue and activation signatures in health and disease, 'url': 'https://pubmed.ncbi.nlm.nih.gov/31624246/'}]",2026-08-09 22:37:01.407554
83,41,CCL5,,,Homo sapiens,human,T cell,effector memory CD8-positive T cell,effector memory CD8-positive T cell,"",positive,"","","",scRNA-seq,high,false,,Cytotoxic effector chemokine,1,Single-cell transcriptomics of human T cells reveals tissue and activation signatures in health and disease,10.1038/s41467-019-12464-3,https://pubmed.ncbi.nlm.nih.gov/31624246/,"[{'title': Single-cell transcriptomics of human T cells reveals tissue and activation signatures in health and disease, 'url': 'https://pubmed.ncbi.nlm.nih.gov/31624246/'}]",2026-08-09 22:37:01.407554
86,55,CTSW,,,Homo sapiens,human,T cell,effector memory CD8-positive T cell,effector memory CD8-positive T cell,"",positive,"","","",scRNA-seq,moderate,false,,Cytotoxic effector marker,1,Single-cell transcriptomics of human T cells reveals tissue and activation signatures in health and disease,10.1038/s41467-019-12464-3,https://pubmed.ncbi.nlm.nih.gov/31624246/,"[{'title': Single-cell transcriptomics of human T cells reveals tissue and activation signatures in health and disease, 'url': 'https://pubmed.ncbi.nlm.nih.gov/31624246/'}]",2026-08-09 22:37:01.407554
85,40,GZMK,,,Homo sapiens,human,T cell,effector memory CD8-positive T cell,effector memory CD8-positive T cell,"",positive,"","","",scRNA-seq,high,false,,Effector-memory-associated granzyme,1,Single-cell transcriptomics of human T cells reveals tissue and activation signatures in health and disease,10.1038/s41467-019-12464-3,https://pubmed.ncbi.nlm.nih.gov/31624246/,"[{'title': Single-cell transcriptomics of human T cells reveals tissue and activation signatures in health and disease, 'url': 'https://pubmed.ncbi.nlm.nih.gov/31624246/'}]",2026-08-09 22:37:01.407554
84,54,NKG7,,,Homo sapiens,human,T cell,effector memory CD8-positive T cell,effector memory CD8-positive T cell,"",positive,"","","",scRNA-seq,high,false,,Cytotoxic lymphocyte marker,1,Single-cell transcriptomics of human T cells reveals tissue and activation signatures in health and disease,10.1038/s41467-019-12464-3,https://pubmed.ncbi.nlm.nih.gov/31624246/,"[{'title': Single-cell transcriptomics of human T cells reveals tissue and activation signatures in health and disease, 'url': 'https://pubmed.ncbi.nlm.nih.gov/31624246/'}]",2026-08-09 22:37:01.407554
87,56,PRF1,,,Homo sapiens,human,T cell,effector memory CD8-positive T cell,effector memory CD8-positive T cell,"",positive,"","","",scRNA-seq,moderate,false,,Cytotoxic effector molecule,1,Single-cell transcriptomics of human T cells reveals tissue and activation signatures in health and disease,10.1038/s41467-019-12464-3,https://pubmed.ncbi.nlm.nih.gov/31624246/,"[{'title': Single-cell transcriptomics of human T cells reveals tissue and activation signatures in health and disease, 'url': 'https://pubmed.ncbi.nlm.nih.gov/31624246/'}]",2026-08-09 22:37:01.407554
63,47,CXCR5,,,Homo sapiens,human,T cell,follicular helper T cell,follicular helper T cell,"",positive,lymphoid tissue,"","",CITE-seq,high,false,,Follicular homing receptor,1,Tissue adaptation and clonal segregation of human memory T cells in barrier sites,10.1038/s41590-022-01395-9,https://pubmed.ncbi.nlm.nih.gov/36658238/,"[{'title': Tissue adaptation and clonal segregation of human memory T cells in barrier sites, 'url': 'https://pubmed.ncbi.nlm.nih.gov/36658238/'}]",2026-08-09 22:37:01.407554
65,49,ICOS,,,Homo sapiens,human,T cell,follicular helper T cell,follicular helper T cell,"",positive,lymphoid tissue,"","",CITE-seq,moderate,false,,Follicular helper co-stimulatory receptor,1,Tissue adaptation and clonal segregation of human memory T cells in barrier sites,10.1038/s41590-022-01395-9,https://pubmed.ncbi.nlm.nih.gov/36658238/,"[{'title': Tissue adaptation and clonal segregation of human memory T cells in barrier sites, 'url': 'https://pubmed.ncbi.nlm.nih.gov/36658238/'}]",2026-08-09 22:37:01.407554
64,48,PDCD1,,,Homo sapiens,human,T cell,follicular helper T cell,follicular helper T cell,"",positive,lymphoid tissue,"","",CITE-seq,moderate,false,,PD-1-encoding follicular helper marker,1,Tissue adaptation and clonal segregation of human memory T cells in barrier sites,10.1038/s41590-022-01395-9,https://pubmed.ncbi.nlm.nih.gov/36658238/,"[{'title': Tissue adaptation and clonal segregation of human memory T cells in barrier sites, 'url': 'https://pubmed.ncbi.nlm.nih.gov/36658238/'}]",2026-08-09 22:37:01.407554
66,50,SH2D1A,,,Homo sapiens,human,T cell,follicular helper T cell,follicular helper T cell,"",positive,lymphoid tissue,"","",scRNA-seq,moderate,false,,SLAM-associated signaling marker,1,Tissue adaptation and clonal segregation of human memory T cells in barrier sites,10.1038/s41590-022-01395-9,https://pubmed.ncbi.nlm.nih.gov/36658238/,"[{'title': Tissue adaptation and clonal segregation of human memory T cells in barrier sites, 'url': 'https://pubmed.ncbi.nlm.nih.gov/36658238/'}]",2026-08-09 22:37:01.407554
67,51,TOX2,,,Homo sapiens,human,T cell,follicular helper T cell,follicular helper T cell,"",positive,lymphoid tissue,"","",scRNA-seq,moderate,false,,Follicular helper transcriptional program,1,Tissue adaptation and clonal segregation of human memory T cells in barrier sites,10.1038/s41590-022-01395-9,https://pubmed.ncbi.nlm.nih.gov/36658238/,"[{'title': Tissue adaptation and clonal segregation of human memory T cells in barrier sites, 'url': 'https://pubmed.ncbi.nlm.nih.gov/36658238/'}]",2026-08-09 22:37:01.407554
101,27,CD3D,,,Homo sapiens,human,T cell,gamma-delta T cell,gamma-delta T cell,"",positive,"","","",scRNA-seq,moderate,false,,T-lineage marker,1,Tissue adaptation and clonal segregation of human memory T cells in barrier sites,10.1038/s41590-022-01395-9,https://pubmed.ncbi.nlm.nih.gov/36658238/,"[{'title': Tissue adaptation and clonal segregation of human memory T cells in barrier sites, 'url': 'https://pubmed.ncbi.nlm.nih.gov/36658238/'}]",2026-08-09 22:37:01.407554
102,65,KLRD1,,,Homo sapiens,human,T cell,gamma-delta T cell,gamma-delta T cell,"",positive,"","","",CITE-seq,moderate,false,,Innate-like cytotoxic receptor,1,Tissue adaptation and clonal segregation of human memory T cells in barrier sites,10.1038/s41590-022-01395-9,https://pubmed.ncbi.nlm.nih.gov/36658238/,"[{'title': Tissue adaptation and clonal segregation of human memory T cells in barrier sites, 'url': 'https://pubmed.ncbi.nlm.nih.gov/36658238/'}]",2026-08-09 22:37:01.407554
98,66,TRDC,,,Homo sapiens,human,T cell,gamma-delta T cell,gamma-delta T cell,"",positive,"","","",scRNA-seq,high,false,,Gamma-delta TCR constant marker,1,Tissue adaptation and clonal segregation of human memory T cells in barrier sites,10.1038/s41590-022-01395-9,https://pubmed.ncbi.nlm.nih.gov/36658238/,"[{'title': Tissue adaptation and clonal segregation of human memory T cells in barrier sites, 'url': 'https://pubmed.ncbi.nlm.nih.gov/36658238/'}]",2026-08-09 22:37:01.407554
99,67,TRGC1,,,Homo sapiens,human,T cell,gamma-delta T cell,gamma-delta T cell,"",positive,"","","",scRNA-seq,high,false,,Gamma-delta TCR constant marker,1,Tissue adaptation and clonal segregation of human memory T cells in barrier sites,10.1038/s41590-022-01395-9,https://pubmed.ncbi.nlm.nih.gov/36658238/,"[{'title': Tissue adaptation and clonal segregation of human memory T cells in barrier sites, 'url': 'https://pubmed.ncbi.nlm.nih.gov/36658238/'}]",2026-08-09 22:37:01.407554
100,68,TRGC2,,,Homo sapiens,human,T cell,gamma-delta T cell,gamma-delta T cell,"",positive,"","","",scRNA-seq,high,false,,Gamma-delta TCR constant marker,1,Tissue adaptation and clonal segregation of human memory T cells in barrier sites,10.1038/s41590-022-01395-9,https://pubmed.ncbi.nlm.nih.gov/36658238/,"[{'title': Tissue adaptation and clonal segregation of human memory T cells in barrier sites, 'url': 'https://pubmed.ncbi.nlm.nih.gov/36658238/'}]",2026-08-09 22:37:01.407554
109,75,C1QA,,,Homo sapiens,human,macrophage,,macrophage,"",positive,"","","",scRNA-seq,high,false,,Complement-expressing mature macrophage marker,1,Cross-tissue single-cell landscape of human monocytes and macrophages in health and disease,10.1016/j.immuni.2021.07.007,https://pubmed.ncbi.nlm.nih.gov/34331874/,"[{'title': Cross-tissue single-cell landscape of human monocytes and macrophages in health and disease, 'url': 'https://pubmed.ncbi.nlm.nih.gov/34331874/'}]",2026-08-09 22:37:01.407554
110,76,C1QB,,,Homo sapiens,human,macrophage,,macrophage,"",positive,"","","",scRNA-seq,high,false,,Complement-expressing mature macrophage marker,1,Cross-tissue single-cell landscape of human monocytes and macrophages in health and disease,10.1016/j.immuni.2021.07.007,https://pubmed.ncbi.nlm.nih.gov/34331874/,"[{'title': Cross-tissue single-cell landscape of human monocytes and macrophages in health and disease, 'url': 'https://pubmed.ncbi.nlm.nih.gov/34331874/'}]",2026-08-09 22:37:01.407554
111,77,C1QC,,,Homo sapiens,human,macrophage,,macrophage,"",positive,"","","",scRNA-seq,high,false,,Complement-expressing mature macrophage marker,1,Cross-tissue single-cell landscape of human monocytes and macrophages in health and disease,10.1016/j.immuni.2021.07.007,https://pubmed.ncbi.nlm.nih.gov/34331874/,"[{'title': Cross-tissue single-cell landscape of human monocytes and macrophages in health and disease, 'url': 'https://pubmed.ncbi.nlm.nih.gov/34331874/'}]",2026-08-09 22:37:01.407554
108,74,CD68,,,Homo sapiens,human,macrophage,,macrophage,"",positive,"","","",scRNA-seq,high,false,,Canonical lysosomal macrophage marker,1,Cross-tissue single-cell landscape of human monocytes and macrophages in health and disease,10.1016/j.immuni.2021.07.007,https://pubmed.ncbi.nlm.nih.gov/34331874/,"[{'title': Cross-tissue single-cell landscape of human monocytes and macrophages in health and disease, 'url': 'https://pubmed.ncbi.nlm.nih.gov/34331874/'}]",2026-08-09 22:37:01.407554
114,80,CSF1R,,,Homo sapiens,human,macrophage,,macrophage,"",positive,"","","",scRNA-seq,high,false,,Macrophage lineage receptor,1,Cross-tissue single-cell landscape of human monocytes and macrophages in health and disease,10.1016/j.immuni.2021.07.007,https://pubmed.ncbi.nlm.nih.gov/34331874/,"[{'title': Cross-tissue single-cell landscape of human monocytes and macrophages in health and disease, 'url': 'https://pubmed.ncbi.nlm.nih.gov/34331874/'}]",2026-08-09 22:37:01.407554
112,78,FCER1G,,,Homo sapiens,human,macrophage,,macrophage,"",positive,"","","",scRNA-seq,high,false,,Myeloid Fc receptor signaling marker,1,Cross-tissue single-cell landscape of human monocytes and macrophages in health and disease,10.1016/j.immuni.2021.07.007,https://pubmed.ncbi.nlm.nih.gov/34331874/,"[{'title': Cross-tissue single-cell landscape of human monocytes and macrophages in health and disease, 'url': 'https://pubmed.ncbi.nlm.nih.gov/34331874/'}]",2026-08-09 22:37:01.407554
115,81,LST1,,,Homo sapiens,human,macrophage,,macrophage,"",positive,"","","",scRNA-seq,moderate,false,,Pan-myeloid marker,1,Cross-tissue single-cell landscape of human monocytes and macrophages in health and disease,10.1016/j.immuni.2021.07.007,https://pubmed.ncbi.nlm.nih.gov/34331874/,"[{'title': Cross-tissue single-cell landscape of human monocytes and macrophages in health and disease, 'url': 'https://pubmed.ncbi.nlm.nih.gov/34331874/'}]",2026-08-09 22:37:01.407554
113,79,TYROBP,,,Homo sapiens,human,macrophage,,macrophage,"",positive,"","","",scRNA-seq,high,false,,Myeloid signaling adaptor,1,Cross-tissue single-cell landscape of human monocytes and macrophages in health and disease,10.1016/j.immuni.2021.07.007,https://pubmed.ncbi.nlm.nih.gov/34331874/,"[{'title': Cross-tissue single-cell landscape of human monocytes and macrophages in health and disease, 'url': 'https://pubmed.ncbi.nlm.nih.gov/34331874/'}]",2026-08-09 22:37:01.407554
18,16,AIM2,,,Homo sapiens,human,B cell,memory B cell,memory B cell,"",positive,blood,"","",scRNA-seq,moderate,false,,Memory B-cell-associated transcriptional marker,1,Integrated analysis of multimodal single-cell data,10.1016/j.cell.2021.04.048,https://pubmed.ncbi.nlm.nih.gov/34062119/,"[{'title': Integrated analysis of multimodal single-cell data, 'url': 'https://pubmed.ncbi.nlm.nih.gov/34062119/'}]",2026-08-09 22:37:01.407554
16,14,CD27,,,Homo sapiens,human,B cell,memory B cell,memory B cell,"",positive,blood,"","",CITE-seq,high,false,,Canonical but not universal memory B-cell marker,1,An Integrated Multi-omic Single-Cell Atlas of Human B Cell Identity,10.1016/j.immuni.2020.06.013,https://pubmed.ncbi.nlm.nih.gov/32668225/,"[{'title': An Integrated Multi-omic Single-Cell Atlas of Human B Cell Identity, 'url': 'https://pubmed.ncbi.nlm.nih.gov/32668225/'}]",2026-08-09 22:37:01.407554
17,15,CD82,,,Homo sapiens,human,B cell,memory B cell,memory B cell,"",positive,blood,"","",scRNA-seq,moderate,false,,Memory B-cell-associated marker,1,Integrated analysis of multimodal single-cell data,10.1016/j.cell.2021.04.048,https://pubmed.ncbi.nlm.nih.gov/34062119/,"[{'title': Integrated analysis of multimodal single-cell data, 'url': 'https://pubmed.ncbi.nlm.nih.gov/34062119/'}]",2026-08-09 22:37:01.407554
19,17,GPR183,,,Homo sapiens,human,B cell,memory B cell,memory B cell,"",positive,blood,"","",scRNA-seq,moderate,false,,Antigen-experienced B-cell-associated receptor,1,An Integrated Multi-omic Single-Cell Atlas of Human B Cell Identity,10.1016/j.immuni.2020.06.013,https://pubmed.ncbi.nlm.nih.gov/32668225/,"[{'title': An Integrated Multi-omic Single-Cell Atlas of Human B Cell Identity, 'url': 'https://pubmed.ncbi.nlm.nih.gov/32668225/'}]",2026-08-09 22:37:01.407554
20,18,TNFRSF13B,,,Homo sapiens,human,B cell,memory B cell,memory B cell,"",positive,blood,"","",scRNA-seq,moderate,false,,TACI-encoding memory B-cell-associated marker,1,Integrated analysis of multimodal single-cell data,10.1016/j.cell.2021.04.048,https://pubmed.ncbi.nlm.nih.gov/34062119/,"[{'title': Integrated analysis of multimodal single-cell data, 'url': 'https://pubmed.ncbi.nlm.nih.gov/34062119/'}]",2026-08-09 22:37:01.407554
160,60,CX3CR1,,,Homo sapiens,human,macrophage,microglial cell,microglial cell,"",positive,brain,healthy,"",scRNA-seq,moderate,false,,Fractalkine receptor enriched in microglia,1,Spatial and temporal heterogeneity of mouse and human microglia at single-cell resolution,10.1038/s41586-019-0924-x,https://pubmed.ncbi.nlm.nih.gov/30760929/,"[{'title': Spatial and temporal heterogeneity of mouse and human microglia at single-cell resolution, 'url': 'https://pubmed.ncbi.nlm.nih.gov/30760929/'}]",2026-08-09 22:37:01.407554
159,115,GPR34,,,Homo sapiens,human,macrophage,microglial cell,microglial cell,"",positive,brain,healthy,"",scRNA-seq,moderate,false,,Homeostatic microglial receptor,1,Spatial and temporal heterogeneity of mouse and human microglia at single-cell resolution,10.1038/s41586-019-0924-x,https://pubmed.ncbi.nlm.nih.gov/30760929/,"[{'title': Spatial and temporal heterogeneity of mouse and human microglia at single-cell resolution, 'url': 'https://pubmed.ncbi.nlm.nih.gov/30760929/'}]",2026-08-09 22:37:01.407554
156,112,P2RY12,,,Homo sapiens,human,macrophage,microglial cell,microglial cell,"",positive,brain,healthy,"",scRNA-seq,high,false,,Homeostatic microglial receptor,1,Spatial and temporal heterogeneity of mouse and human microglia at single-cell resolution,10.1038/s41586-019-0924-x,https://pubmed.ncbi.nlm.nih.gov/30760929/,"[{'title': Spatial and temporal heterogeneity of mouse and human microglia at single-cell resolution, 'url': 'https://pubmed.ncbi.nlm.nih.gov/30760929/'}]",2026-08-09 22:37:01.407554
158,114,SALL1,,,Homo sapiens,human,macrophage,microglial cell,microglial cell,"",positive,brain,healthy,"",scRNA-seq,high,false,,Homeostatic microglial transcription factor,1,Spatial and temporal heterogeneity of mouse and human microglia at single-cell resolution,10.1038/s41586-019-0924-x,https://pubmed.ncbi.nlm.nih.gov/30760929/,"[{'title': Spatial and temporal heterogeneity of mouse and human microglia at single-cell resolution, 'url': 'https://pubmed.ncbi.nlm.nih.gov/30760929/'}]",2026-08-09 22:37:01.407554
157,113,TMEM119,,,Homo sapiens,human,macrophage,microglial cell,microglial cell,"",positive,brain,healthy,"",scRNA-seq,high,false,,Microglia-associated membrane marker,1,Spatial and temporal heterogeneity of mouse and human microglia at single-cell resolution,10.1038/s41586-019-0924-x,https://pubmed.ncbi.nlm.nih.gov/30760929/,"[{'title': Spatial and temporal heterogeneity of mouse and human microglia at single-cell resolution, 'url': 'https://pubmed.ncbi.nlm.nih.gov/30760929/'}]",2026-08-09 22:37:01.407554
94,62,KLRB1,,,Homo sapiens,human,T cell,mucosal-associated invariant T cell,mucosal-associated invariant T cell,"",positive,"","","",CITE-seq,moderate,false,,CD161-encoding MAIT-associated marker,1,Integrated analysis of multimodal single-cell data,10.1016/j.cell.2021.04.048,https://pubmed.ncbi.nlm.nih.gov/34062119/,"[{'title': Integrated analysis of multimodal single-cell data, 'url': 'https://pubmed.ncbi.nlm.nih.gov/34062119/'}]",2026-08-09 22:37:01.407554
97,65,KLRD1,,,Homo sapiens,human,T cell,mucosal-associated invariant T cell,mucosal-associated invariant T cell,"",positive,"","","",CITE-seq,moderate,false,,Innate-like cytotoxic receptor,1,Tissue adaptation and clonal segregation of human memory T cells in barrier sites,10.1038/s41590-022-01395-9,https://pubmed.ncbi.nlm.nih.gov/36658238/,"[{'title': Tissue adaptation and clonal segregation of human memory T cells in barrier sites, 'url': 'https://pubmed.ncbi.nlm.nih.gov/36658238/'}]",2026-08-09 22:37:01.407554
93,61,SLC4A10,,,Homo sapiens,human,T cell,mucosal-associated invariant T cell,mucosal-associated invariant T cell,"",positive,"","","",scRNA-seq,high,false,,MAIT-associated transcriptional marker,1,Integrated analysis of multimodal single-cell data,10.1016/j.cell.2021.04.048,https://pubmed.ncbi.nlm.nih.gov/34062119/,"[{'title': Integrated analysis of multimodal single-cell data, 'url': 'https://pubmed.ncbi.nlm.nih.gov/34062119/'}]",2026-08-09 22:37:01.407554
96,64,TRAV1-2,,,Homo sapiens,human,T cell,mucosal-associated invariant T cell,mucosal-associated invariant T cell,"",positive,"","","",scRNA-seq,high,false,,Canonical MAIT TCR alpha variable segment,1,Tissue adaptation and clonal segregation of human memory T cells in barrier sites,10.1038/s41590-022-01395-9,https://pubmed.ncbi.nlm.nih.gov/36658238/,"[{'title': Tissue adaptation and clonal segregation of human memory T cells in barrier sites, 'url': 'https://pubmed.ncbi.nlm.nih.gov/36658238/'}]",2026-08-09 22:37:01.407554
95,63,ZBTB16,,,Homo sapiens,human,T cell,mucosal-associated invariant T cell,mucosal-associated invariant T cell,"",positive,"","","",scRNA-seq,moderate,false,,PLZF-encoding innate-like T-cell regulator,1,Integrated analysis of multimodal single-cell data,10.1016/j.cell.2021.04.048,https://pubmed.ncbi.nlm.nih.gov/34062119/,"[{'title': Integrated analysis of multimodal single-cell data, 'url': 'https://pubmed.ncbi.nlm.nih.gov/34062119/'}]",2026-08-09 22:37:01.407554
15,13,BACH2,,,Homo sapiens,human,B cell,naive B cell,naive B cell,"",positive,blood,"","",scRNA-seq,moderate,false,,Naive lymphocyte transcriptional regulator,1,Integrated analysis of multimodal single-cell data,10.1016/j.cell.2021.04.048,https://pubmed.ncbi.nlm.nih.gov/34062119/,"[{'title': Integrated analysis of multimodal single-cell data, 'url': 'https://pubmed.ncbi.nlm.nih.gov/34062119/'}]",2026-08-09 22:37:01.407554
13,11,FCER2,,,Homo sapiens,human,B cell,naive B cell,naive B cell,"",positive,blood,"","",CITE-seq,high,false,,CD23-encoding naive B-cell marker,1,An Integrated Multi-omic Single-Cell Atlas of Human B Cell Identity,10.1016/j.immuni.2020.06.013,https://pubmed.ncbi.nlm.nih.gov/32668225/,"[{'title': An Integrated Multi-omic Single-Cell Atlas of Human B Cell Identity, 'url': 'https://pubmed.ncbi.nlm.nih.gov/32668225/'}]",2026-08-09 22:37:01.407554
12,10,IGHD,,,Homo sapiens,human,B cell,naive B cell,naive B cell,"",positive,blood,"","",scRNA-seq,high,false,,Naive unswitched immunoglobulin marker,1,Integrated analysis of multimodal single-cell data,10.1016/j.cell.2021.04.048,https://pubmed.ncbi.nlm.nih.gov/34062119/,"[{'title': Integrated analysis of multimodal single-cell data, 'url': 'https://pubmed.ncbi.nlm.nih.gov/34062119/'}]",2026-08-09 22:37:01.407554
14,12,IL4R,,,Homo sapiens,human,B cell,naive B cell,naive B cell,"",positive,blood,"","",scRNA-seq,moderate,false,,Naive B-cell-associated receptor,1,Integrated analysis of multimodal single-cell data,10.1016/j.cell.2021.04.048,https://pubmed.ncbi.nlm.nih.gov/34062119/,"[{'title': Integrated analysis of multimodal single-cell data, 'url': 'https://pubmed.ncbi.nlm.nih.gov/34062119/'}]",2026-08-09 22:37:01.407554
11,7,TCL1A,,,Homo sapiens,human,B cell,naive B cell,naive B cell,"",positive,blood,"","",scRNA-seq,high,false,,Naive B-cell transcriptional marker,1,Integrated analysis of multimodal single-cell data,10.1016/j.cell.2021.04.048,https://pubmed.ncbi.nlm.nih.gov/34062119/,"[{'title': Integrated analysis of multimodal single-cell data, 'url': 'https://pubmed.ncbi.nlm.nih.gov/34062119/'}]",2026-08-09 22:37:01.407554
44,36,CCR7,,,Homo sapiens,human,T cell,naive CD4-positive T cell,naive CD4-positive T cell,"",positive,blood,"","",CITE-seq,high,false,,Lymphoid homing receptor,1,Integrated analysis of multimodal single-cell data,10.1016/j.cell.2021.04.048,https://pubmed.ncbi.nlm.nih.gov/34062119/,"[{'title': Integrated analysis of multimodal single-cell data, 'url': 'https://pubmed.ncbi.nlm.nih.gov/34062119/'}]",2026-08-09 22:37:01.407554
47,39,LEF1,,,Homo sapiens,human,T cell,naive CD4-positive T cell,naive CD4-positive T cell,"",positive,blood,"","",scRNA-seq,high,false,,Naive T-cell transcription factor,1,Integrated analysis of multimodal single-cell data,10.1016/j.cell.2021.04.048,https://pubmed.ncbi.nlm.nih.gov/34062119/,"[{'title': Integrated analysis of multimodal single-cell data, 'url': 'https://pubmed.ncbi.nlm.nih.gov/34062119/'}]",2026-08-09 22:37:01.407554
48,35,MAL,,,Homo sapiens,human,T cell,naive CD4-positive T cell,naive CD4-positive T cell,"",positive,blood,"","",scRNA-seq,moderate,false,,Naive T-cell-associated marker,1,Integrated analysis of multimodal single-cell data,10.1016/j.cell.2021.04.048,https://pubmed.ncbi.nlm.nih.gov/34062119/,"[{'title': Integrated analysis of multimodal single-cell data, 'url': 'https://pubmed.ncbi.nlm.nih.gov/34062119/'}]",2026-08-09 22:37:01.407554
45,37,SELL,,,Homo sapiens,human,T cell,naive CD4-positive T cell,naive CD4-positive T cell,"",positive,blood,"","",CITE-seq,high,false,,CD62L-encoding naive T-cell marker,1,Integrated analysis of multimodal single-cell data,10.1016/j.cell.2021.04.048,https://pubmed.ncbi.nlm.nih.gov/34062119/,"[{'title': Integrated analysis of multimodal single-cell data, 'url': 'https://pubmed.ncbi.nlm.nih.gov/34062119/'}]",2026-08-09 22:37:01.407554
46,38,TCF7,,,Homo sapiens,human,T cell,naive CD4-positive T cell,naive CD4-positive T cell,"",positive,blood,"","",scRNA-seq,high,false,,Naive T-cell transcription factor,1,Integrated analysis of multimodal single-cell data,10.1016/j.cell.2021.04.048,https://pubmed.ncbi.nlm.nih.gov/34062119/,"[{'title': Integrated analysis of multimodal single-cell data, 'url': 'https://pubmed.ncbi.nlm.nih.gov/34062119/'}]",2026-08-09 22:37:01.407554
73,36,CCR7,,,Homo sapiens,human,T cell,naive CD8-positive T cell,naive CD8-positive T cell,"",positive,blood,"","",CITE-seq,high,false,,Lymphoid homing receptor,1,Integrated analysis of multimodal single-cell data,10.1016/j.cell.2021.04.048,https://pubmed.ncbi.nlm.nih.gov/34062119/,"[{'title': Integrated analysis of multimodal single-cell data, 'url': 'https://pubmed.ncbi.nlm.nih.gov/34062119/'}]",2026-08-09 22:37:01.407554
76,39,LEF1,,,Homo sapiens,human,T cell,naive CD8-positive T cell,naive CD8-positive T cell,"",positive,blood,"","",scRNA-seq,high,false,,Naive T-cell transcription factor,1,Integrated analysis of multimodal single-cell data,10.1016/j.cell.2021.04.048,https://pubmed.ncbi.nlm.nih.gov/34062119/,"[{'title': Integrated analysis of multimodal single-cell data, 'url': 'https://pubmed.ncbi.nlm.nih.gov/34062119/'}]",2026-08-09 22:37:01.407554
77,35,MAL,,,Homo sapiens,human,T cell,naive CD8-positive T cell,naive CD8-positive T cell,"",positive,blood,"","",scRNA-seq,moderate,false,,Naive T-cell-associated marker,1,Integrated analysis of multimodal single-cell data,10.1016/j.cell.2021.04.048,https://pubmed.ncbi.nlm.nih.gov/34062119/,"[{'title': Integrated analysis of multimodal single-cell data, 'url': 'https://pubmed.ncbi.nlm.nih.gov/34062119/'}]",2026-08-09 22:37:01.407554
74,37,SELL,,,Homo sapiens,human,T cell,naive CD8-positive T cell,naive CD8-positive T cell,"",positive,blood,"","",CITE-seq,high,false,,CD62L-encoding naive T-cell marker,1,Integrated analysis of multimodal single-cell data,10.1016/j.cell.2021.04.048,https://pubmed.ncbi.nlm.nih.gov/34062119/,"[{'title': Integrated analysis of multimodal single-cell data, 'url': 'https://pubmed.ncbi.nlm.nih.gov/34062119/'}]",2026-08-09 22:37:01.407554
75,38,TCF7,,,Homo sapiens,human,T cell,naive CD8-positive T cell,naive CD8-positive T cell,"",positive,blood,"","",scRNA-seq,high,false,,Naive T-cell transcription factor,1,Integrated analysis of multimodal single-cell data,10.1016/j.cell.2021.04.048,https://pubmed.ncbi.nlm.nih.gov/34062119/,"[{'title': Integrated analysis of multimodal single-cell data, 'url': 'https://pubmed.ncbi.nlm.nih.gov/34062119/'}]",2026-08-09 22:37:01.407554
33,9,CD38,,,Homo sapiens,human,B cell,plasmablast,plasmablast,"",positive,blood,"","",CITE-seq,high,false,,High surface expression in plasmablasts,1,An Integrated Multi-omic Single-Cell Atlas of Human B Cell Identity,10.1016/j.immuni.2020.06.013,https://pubmed.ncbi.nlm.nih.gov/32668225/,"[{'title': An Integrated Multi-omic Single-Cell Atlas of Human B Cell Identity, 'url': 'https://pubmed.ncbi.nlm.nih.gov/32668225/'}]",2026-08-09 22:37:01.407554
30,23,JCHAIN,,,Homo sapiens,human,B cell,plasmablast,plasmablast,"",positive,blood,"","",scRNA-seq,high,false,,Immunoglobulin joining-chain marker,1,Integrated analysis of multimodal single-cell data,10.1016/j.cell.2021.04.048,https://pubmed.ncbi.nlm.nih.gov/34062119/,"[{'title': Integrated analysis of multimodal single-cell data, 'url': 'https://pubmed.ncbi.nlm.nih.gov/34062119/'}]",2026-08-09 22:37:01.407554
29,22,MZB1,,,Homo sapiens,human,B cell,plasmablast,plasmablast,"",positive,blood,"","",scRNA-seq,high,false,,Antibody-secreting cell marker,1,Integrated analysis of multimodal single-cell data,10.1016/j.cell.2021.04.048,https://pubmed.ncbi.nlm.nih.gov/34062119/,"[{'title': Integrated analysis of multimodal single-cell data, 'url': 'https://pubmed.ncbi.nlm.nih.gov/34062119/'}]",2026-08-09 22:37:01.407554
31,24,PRDM1,,,Homo sapiens,human,B cell,plasmablast,plasmablast,"",positive,blood,"","",scRNA-seq,high,false,,Plasma-cell differentiation regulator,1,Integrated analysis of multimodal single-cell data,10.1016/j.cell.2021.04.048,https://pubmed.ncbi.nlm.nih.gov/34062119/,"[{'title': Integrated analysis of multimodal single-cell data, 'url': 'https://pubmed.ncbi.nlm.nih.gov/34062119/'}]",2026-08-09 22:37:01.407554
34,26,TNFRSF17,,,Homo sapiens,human,B cell,plasmablast,plasmablast,"",positive,blood,"","",scRNA-seq,high,false,,BCMA-encoding antibody-secreting cell marker,1,Integrated analysis of multimodal single-cell data,10.1016/j.cell.2021.04.048,https://pubmed.ncbi.nlm.nih.gov/34062119/,"[{'title': Integrated analysis of multimodal single-cell data, 'url': 'https://pubmed.ncbi.nlm.nih.gov/34062119/'}]",2026-08-09 22:37:01.407554
32,25,XBP1,,,Homo sapiens,human,B cell,plasmablast,plasmablast,"",positive,blood,"","",scRNA-seq,high,false,,Antibody secretory program regulator,1,Integrated analysis of multimodal single-cell data,10.1016/j.cell.2021.04.048,https://pubmed.ncbi.nlm.nih.gov/34062119/,"[{'title': Integrated analysis of multimodal single-cell data, 'url': 'https://pubmed.ncbi.nlm.nih.gov/34062119/'}]",2026-08-09 22:37:01.407554
60,44,CTLA4,,,Homo sapiens,human,T cell,regulatory T cell,regulatory T cell,"",positive,"","","",scRNA-seq,high,false,,Regulatory and activation-associated checkpoint,1,Integrated analysis of multimodal single-cell data,10.1016/j.cell.2021.04.048,https://pubmed.ncbi.nlm.nih.gov/34062119/,"[{'title': Integrated analysis of multimodal single-cell data, 'url': 'https://pubmed.ncbi.nlm.nih.gov/34062119/'}]",2026-08-09 22:37:01.407554
58,42,FOXP3,,,Homo sapiens,human,T cell,regulatory T cell,regulatory T cell,"",positive,"","","",scRNA-seq,high,false,,Canonical regulatory T-cell transcription factor,1,Integrated analysis of multimodal single-cell data,10.1016/j.cell.2021.04.048,https://pubmed.ncbi.nlm.nih.gov/34062119/,"[{'title': Integrated analysis of multimodal single-cell data, 'url': 'https://pubmed.ncbi.nlm.nih.gov/34062119/'}]",2026-08-09 22:37:01.407554
62,46,IKZF2,,,Homo sapiens,human,T cell,regulatory T cell,regulatory T cell,"",positive,"","","",scRNA-seq,moderate,false,,HELIOS-encoding regulatory T-cell-associated factor,1,Tissue adaptation and clonal segregation of human memory T cells in barrier sites,10.1038/s41590-022-01395-9,https://pubmed.ncbi.nlm.nih.gov/36658238/,"[{'title': Tissue adaptation and clonal segregation of human memory T cells in barrier sites, 'url': 'https://pubmed.ncbi.nlm.nih.gov/36658238/'}]",2026-08-09 22:37:01.407554
59,43,IL2RA,,,Homo sapiens,human,T cell,regulatory T cell,regulatory T cell,"",positive,"","","",CITE-seq,high,false,,CD25-encoding regulatory T-cell marker,1,Integrated analysis of multimodal single-cell data,10.1016/j.cell.2021.04.048,https://pubmed.ncbi.nlm.nih.gov/34062119/,"[{'title': Integrated analysis of multimodal single-cell data, 'url': 'https://pubmed.ncbi.nlm.nih.gov/34062119/'}]",2026-08-09 22:37:01.407554
61,45,TIGIT,,,Homo sapiens,human,T cell,regulatory T cell,regulatory T cell,"",positive,"","","",CITE-seq,moderate,false,,Regulatory T-cell-associated checkpoint,1,Integrated analysis of multimodal single-cell data,10.1016/j.cell.2021.04.048,https://pubmed.ncbi.nlm.nih.gov/34062119/,"[{'title': Integrated analysis of multimodal single-cell data, 'url': 'https://pubmed.ncbi.nlm.nih.gov/34062119/'}]",2026-08-09 22:37:01.407554
121,77,C1QC,,,Homo sapiens,human,macrophage,resident macrophage,resident macrophage,"",positive,"",healthy,"",scRNA-seq,high,false,,Complement-expressing resident macrophage marker,1,Cross-tissue single-cell landscape of human monocytes and macrophages in health and disease,10.1016/j.immuni.2021.07.007,https://pubmed.ncbi.nlm.nih.gov/34331874/,"[{'title': Cross-tissue single-cell landscape of human monocytes and macrophages in health and disease, 'url': 'https://pubmed.ncbi.nlm.nih.gov/34331874/'}]",2026-08-09 22:37:01.407554
119,85,CD163,,,Homo sapiens,human,macrophage,resident macrophage,resident macrophage,"",positive,"",healthy,"",scRNA-seq,moderate,false,,Scavenger receptor enriched in resident macrophages,1,Cross-tissue single-cell landscape of human monocytes and macrophages in health and disease,10.1016/j.immuni.2021.07.007,https://pubmed.ncbi.nlm.nih.gov/34331874/,"[{'title': Cross-tissue single-cell landscape of human monocytes and macrophages in health and disease, 'url': 'https://pubmed.ncbi.nlm.nih.gov/34331874/'}]",2026-08-09 22:37:01.407554
116,82,FOLR2,,,Homo sapiens,human,macrophage,resident macrophage,resident macrophage,"",positive,"",healthy,"",scRNA-seq,high,false,,Tissue-resident macrophage-associated receptor,1,Cross-tissue single-cell landscape of human monocytes and macrophages in health and disease,10.1016/j.immuni.2021.07.007,https://pubmed.ncbi.nlm.nih.gov/34331874/,"[{'title': Cross-tissue single-cell landscape of human monocytes and macrophages in health and disease, 'url': 'https://pubmed.ncbi.nlm.nih.gov/34331874/'}]",2026-08-09 22:37:01.407554
117,83,LYVE1,,,Homo sapiens,human,macrophage,resident macrophage,resident macrophage,"",positive,"",healthy,"",scRNA-seq,high,false,,Perivascular resident macrophage-associated marker,1,Cross-tissue single-cell landscape of human monocytes and macrophages in health and disease,10.1016/j.immuni.2021.07.007,https://pubmed.ncbi.nlm.nih.gov/34331874/,"[{'title': Cross-tissue single-cell landscape of human monocytes and macrophages in health and disease, 'url': 'https://pubmed.ncbi.nlm.nih.gov/34331874/'}]",2026-08-09 22:37:01.407554
118,84,MRC1,,,Homo sapiens,human,macrophage,resident macrophage,resident macrophage,"",positive,"",healthy,"",scRNA-seq,moderate,false,,CD206-encoding resident macrophage-associated marker,1,Cross-tissue single-cell landscape of human monocytes and macrophages in health and disease,10.1016/j.immuni.2021.07.007,https://pubmed.ncbi.nlm.nih.gov/34331874/,"[{'title': Cross-tissue single-cell landscape of human monocytes and macrophages in health and disease, 'url': 'https://pubmed.ncbi.nlm.nih.gov/34331874/'}]",2026-08-09 22:37:01.407554
120,86,TIMD4,,,Homo sapiens,human,macrophage,resident macrophage,resident macrophage,"",positive,"",healthy,"",scRNA-seq,high,false,,Long-lived resident macrophage-associated receptor,1,Cross-tissue single-cell landscape of human monocytes and macrophages in health and disease,10.1016/j.immuni.2021.07.007,https://pubmed.ncbi.nlm.nih.gov/34331874/,"[{'title': Cross-tissue single-cell landscape of human monocytes and macrophages in health and disease, 'url': 'https://pubmed.ncbi.nlm.nih.gov/34331874/'}]",2026-08-09 22:37:01.407554
25,14,CD27,,,Homo sapiens,human,B cell,switched memory B cell,switched memory B cell,"",positive,blood,"","",CITE-seq,moderate,false,,Classical memory surface marker,1,An Integrated Multi-omic Single-Cell Atlas of Human B Cell Identity,10.1016/j.immuni.2020.06.013,https://pubmed.ncbi.nlm.nih.gov/32668225/,"[{'title': An Integrated Multi-omic Single-Cell Atlas of Human B Cell Identity, 'url': 'https://pubmed.ncbi.nlm.nih.gov/32668225/'}]",2026-08-09 22:37:01.407554
28,21,CD44,,,Homo sapiens,human,B cell,switched memory B cell,switched memory B cell,"",positive,blood,"","",CITE-seq,moderate,false,,Antigen-experienced B-cell marker,1,An Integrated Multi-omic Single-Cell Atlas of Human B Cell Identity,10.1016/j.immuni.2020.06.013,https://pubmed.ncbi.nlm.nih.gov/32668225/,"[{'title': An Integrated Multi-omic Single-Cell Atlas of Human B Cell Identity, 'url': 'https://pubmed.ncbi.nlm.nih.gov/32668225/'}]",2026-08-09 22:37:01.407554
26,15,CD82,,,Homo sapiens,human,B cell,switched memory B cell,switched memory B cell,"",positive,blood,"","",scRNA-seq,moderate,false,,Memory B-cell-associated marker,1,Integrated analysis of multimodal single-cell data,10.1016/j.cell.2021.04.048,https://pubmed.ncbi.nlm.nih.gov/34062119/,"[{'title': Integrated analysis of multimodal single-cell data, 'url': 'https://pubmed.ncbi.nlm.nih.gov/34062119/'}]",2026-08-09 22:37:01.407554
27,18,TNFRSF13B,,,Homo sapiens,human,B cell,switched memory B cell,switched memory B cell,"",positive,blood,"","",scRNA-seq,moderate,false,,TACI-encoding antigen-experienced marker,1,Integrated analysis of multimodal single-cell data,10.1016/j.cell.2021.04.048,https://pubmed.ncbi.nlm.nih.gov/34062119/,"[{'title': Integrated analysis of multimodal single-cell data, 'url': 'https://pubmed.ncbi.nlm.nih.gov/34062119/'}]",2026-08-09 22:37:01.407554
92,60,CX3CR1,,,Homo sapiens,human,T cell,terminally differentiated effector memory CD8-positive T cell,terminally differentiated effector memory CD8-positive T cell,"",positive,blood,"","",CITE-seq,moderate,false,,Circulating terminal effector-associated receptor,1,Tissue adaptation and clonal segregation of human memory T cells in barrier sites,10.1038/s41590-022-01395-9,https://pubmed.ncbi.nlm.nih.gov/36658238/,"[{'title': Tissue adaptation and clonal segregation of human memory T cells in barrier sites, 'url': 'https://pubmed.ncbi.nlm.nih.gov/36658238/'}]",2026-08-09 22:37:01.407554
88,57,FGFBP2,,,Homo sapiens,human,T cell,terminally differentiated effector memory CD8-positive T cell,terminally differentiated effector memory CD8-positive T cell,"",positive,blood,"","",scRNA-seq,high,false,,Terminal cytotoxic effector marker,1,Tissue adaptation and clonal segregation of human memory T cells in barrier sites,10.1038/s41590-022-01395-9,https://pubmed.ncbi.nlm.nih.gov/36658238/,"[{'title': Tissue adaptation and clonal segregation of human memory T cells in barrier sites, 'url': 'https://pubmed.ncbi.nlm.nih.gov/36658238/'}]",2026-08-09 22:37:01.407554
89,58,GNLY,,,Homo sapiens,human,T cell,terminally differentiated effector memory CD8-positive T cell,terminally differentiated effector memory CD8-positive T cell,"",positive,blood,"","",scRNA-seq,high,false,,Terminal cytotoxic effector marker,1,Tissue adaptation and clonal segregation of human memory T cells in barrier sites,10.1038/s41590-022-01395-9,https://pubmed.ncbi.nlm.nih.gov/36658238/,"[{'title': Tissue adaptation and clonal segregation of human memory T cells in barrier sites, 'url': 'https://pubmed.ncbi.nlm.nih.gov/36658238/'}]",2026-08-09 22:37:01.407554
90,59,GZMB,,,Homo sapiens,human,T cell,terminally differentiated effector memory CD8-positive T cell,terminally differentiated effector memory CD8-positive T cell,"",positive,blood,"","",scRNA-seq,high,false,,Granzyme B cytotoxic marker,1,Tissue adaptation and clonal segregation of human memory T cells in barrier sites,10.1038/s41590-022-01395-9,https://pubmed.ncbi.nlm.nih.gov/36658238/,"[{'title': Tissue adaptation and clonal segregation of human memory T cells in barrier sites, 'url': 'https://pubmed.ncbi.nlm.nih.gov/36658238/'}]",2026-08-09 22:37:01.407554
91,54,NKG7,,,Homo sapiens,human,T cell,terminally differentiated effector memory CD8-positive T cell,terminally differentiated effector memory CD8-positive T cell,"",positive,blood,"","",scRNA-seq,moderate,false,,Cytotoxic lymphocyte marker,1,Tissue adaptation and clonal segregation of human memory T cells in barrier sites,10.1038/s41590-022-01395-9,https://pubmed.ncbi.nlm.nih.gov/36658238/,"[{'title': Tissue adaptation and clonal segregation of human memory T cells in barrier sites, 'url': 'https://pubmed.ncbi.nlm.nih.gov/36658238/'}]",2026-08-09 22:37:01.407554
103,69,CD69,,,Homo sapiens,human,T cell,tissue-resident memory T cell,tissue-resident memory T cell,"",positive,barrier tissues,"","",CITE-seq,high,false,,Tissue-residency-associated activation marker,1,Tissue adaptation and clonal segregation of human memory T cells in barrier sites,10.1038/s41590-022-01395-9,https://pubmed.ncbi.nlm.nih.gov/36658238/,"[{'title': Tissue adaptation and clonal segregation of human memory T cells in barrier sites, 'url': 'https://pubmed.ncbi.nlm.nih.gov/36658238/'}]",2026-08-09 22:37:01.407554
105,71,CXCR6,,,Homo sapiens,human,T cell,tissue-resident memory T cell,tissue-resident memory T cell,"",positive,barrier tissues,"","",scRNA-seq,moderate,false,,Tissue-homing and retention receptor,1,Tissue adaptation and clonal segregation of human memory T cells in barrier sites,10.1038/s41590-022-01395-9,https://pubmed.ncbi.nlm.nih.gov/36658238/,"[{'title': Tissue adaptation and clonal segregation of human memory T cells in barrier sites, 'url': 'https://pubmed.ncbi.nlm.nih.gov/36658238/'}]",2026-08-09 22:37:01.407554
104,70,ITGAE,,,Homo sapiens,human,T cell,tissue-resident memory T cell,tissue-resident memory T cell,"",positive,barrier tissues,"","",CITE-seq,high,false,,CD103-encoding tissue-residency marker,1,Tissue adaptation and clonal segregation of human memory T cells in barrier sites,10.1038/s41590-022-01395-9,https://pubmed.ncbi.nlm.nih.gov/36658238/,"[{'title': Tissue adaptation and clonal segregation of human memory T cells in barrier sites, 'url': 'https://pubmed.ncbi.nlm.nih.gov/36658238/'}]",2026-08-09 22:37:01.407554
107,73,RGS1,,,Homo sapiens,human,T cell,tissue-resident memory T cell,tissue-resident memory T cell,"",positive,barrier tissues,"","",scRNA-seq,moderate,false,,Tissue adaptation-associated marker,1,Tissue adaptation and clonal segregation of human memory T cells in barrier sites,10.1038/s41590-022-01395-9,https://pubmed.ncbi.nlm.nih.gov/36658238/,"[{'title': Tissue adaptation and clonal segregation of human memory T cells in barrier sites, 'url': 'https://pubmed.ncbi.nlm.nih.gov/36658238/'}]",2026-08-09 22:37:01.407554
106,72,ZNF683,,,Homo sapiens,human,T cell,tissue-resident memory T cell,tissue-resident memory T cell,"",positive,barrier tissues,"","",scRNA-seq,moderate,false,,HOBIT-encoding residency-associated regulator,1,Tissue adaptation and clonal segregation of human memory T cells in barrier sites,10.1038/s41590-022-01395-9,https://pubmed.ncbi.nlm.nih.gov/36658238/,"[{'title': Tissue adaptation and clonal segregation of human memory T cells in barrier sites, 'url': 'https://pubmed.ncbi.nlm.nih.gov/36658238/'}]",2026-08-09 22:37:01.407554
8,8,CD24,,,Homo sapiens,human,B cell,transitional B cell,transitional B cell,"",positive,blood,"","",CITE-seq,high,false,,Transitional B-cell surface marker,1,An Integrated Multi-omic Single-Cell Atlas of Human B Cell Identity,10.1016/j.immuni.2020.06.013,https://pubmed.ncbi.nlm.nih.gov/32668225/,"[{'title': An Integrated Multi-omic Single-Cell Atlas of Human B Cell Identity, 'url': 'https://pubmed.ncbi.nlm.nih.gov/32668225/'}]",2026-08-09 22:37:01.407554
9,9,CD38,,,Homo sapiens,human,B cell,transitional B cell,transitional B cell,"",positive,blood,"","",CITE-seq,moderate,false,,High surface expression supports transitional identity,1,An Integrated Multi-omic Single-Cell Atlas of Human B Cell Identity,10.1016/j.immuni.2020.06.013,https://pubmed.ncbi.nlm.nih.gov/32668225/,"[{'title': An Integrated Multi-omic Single-Cell Atlas of Human B Cell Identity, 'url': 'https://pubmed.ncbi.nlm.nih.gov/32668225/'}]",2026-08-09 22:37:01.407554
10,10,IGHD,,,Homo sapiens,human,B cell,transitional B cell,transitional B cell,"",positive,blood,"","",scRNA-seq,moderate,false,,Unswitch immunoglobulin program,1,An Integrated Multi-omic Single-Cell Atlas of Human B Cell Identity,10.1016/j.immuni.2020.06.013,https://pubmed.ncbi.nlm.nih.gov/32668225/,"[{'title': An Integrated Multi-omic Single-Cell Atlas of Human B Cell Identity, 'url': 'https://pubmed.ncbi.nlm.nih.gov/32668225/'}]",2026-08-09 22:37:01.407554
7,7,TCL1A,,,Homo sapiens,human,B cell,transitional B cell,transitional B cell,"",positive,blood,"","",scRNA-seq,high,false,,Immature and transitional B-cell program,1,An Integrated Multi-omic Single-Cell Atlas of Human B Cell Identity,10.1016/j.immuni.2020.06.013,https://pubmed.ncbi.nlm.nih.gov/32668225/,"[{'title': An Integrated Multi-omic Single-Cell Atlas of Human B Cell Identity, 'url': 'https://pubmed.ncbi.nlm.nih.gov/32668225/'}]",2026-08-09 22:37:01.407554
23,14,CD27,,,Homo sapiens,human,B cell,unswitched memory B cell,unswitched memory B cell,"",positive,blood,"","",CITE-seq,moderate,false,,Classical memory surface marker,1,An Integrated Multi-omic Single-Cell Atlas of Human B Cell Identity,10.1016/j.immuni.2020.06.013,https://pubmed.ncbi.nlm.nih.gov/32668225/,"[{'title': An Integrated Multi-omic Single-Cell Atlas of Human B Cell Identity, 'url': 'https://pubmed.ncbi.nlm.nih.gov/32668225/'}]",2026-08-09 22:37:01.407554
24,20,CR2,,,Homo sapiens,human,B cell,unswitched memory B cell,unswitched memory B cell,"",positive,blood,"","",CITE-seq,moderate,false,,CD21-encoding complement receptor,1,An Integrated Multi-omic Single-Cell Atlas of Human B Cell Identity,10.1016/j.immuni.2020.06.013,https://pubmed.ncbi.nlm.nih.gov/32668225/,"[{'title': An Integrated Multi-omic Single-Cell Atlas of Human B Cell Identity, 'url': 'https://pubmed.ncbi.nlm.nih.gov/32668225/'}]",2026-08-09 22:37:01.407554
22,10,IGHD,,,Homo sapiens,human,B cell,unswitched memory B cell,unswitched memory B cell,"",positive,blood,"","",scRNA-seq,high,false,,IgD-positive memory program,1,An Integrated Multi-omic Single-Cell Atlas of Human B Cell Identity,10.1016/j.immuni.2020.06.013,https://pubmed.ncbi.nlm.nih.gov/32668225/,"[{'title': An Integrated Multi-omic Single-Cell Atlas of Human B Cell Identity, 'url': 'https://pubmed.ncbi.nlm.nih.gov/32668225/'}]",2026-08-09 22:37:01.407554
21,19,IGHM,,,Homo sapiens,human,B cell,unswitched memory B cell,unswitched memory B cell,"",positive,blood,"","",scRNA-seq,high,false,,IgM memory program,1,An Integrated Multi-omic Single-Cell Atlas of Human B Cell Identity,10.1016/j.immuni.2020.06.013,https://pubmed.ncbi.nlm.nih.gov/32668225/,"[{'title': An Integrated Multi-omic Single-Cell Atlas of Human B Cell Identity, 'url': 'https://pubmed.ncbi.nlm.nih.gov/32668225/'}]",2026-08-09 22:37:01.407554
